cropped_url_in_registry,suggested_correct_url
https://aboutwallart.com/blogs/news-articles-home-decor-inspiration/10-creative-ideas-for-decorating-your-living-room-wall,https://aboutwallart.com/blogs/news-articles-home-decor-inspiration/10-creative-ideas-for-decorating-your-living-room-wall-on-a-
https://aboutwallart.com/blogs/news-articles-home-decor-inspiration/a-guide-to-a-different-type-of-interior-design-for-a-calming,https://aboutwallart.com/blogs/news-articles-home-decor-inspiration/a-guide-to-a-different-type-of-interior-design-for-a-calming-home
https://aboutwallart.com/blogs/news-articles-home-decor-inspiration/boho-art-design-how-to-master-bohemian-wall-decor,https://aboutwallart.com/blogs/news-articles-home-decor-inspiration/boho-art-design-how-to-master-bohemian-wall-decor-1
https://aboutwallart.com/blogs/news-articles-home-decor-inspiration/can-a-single,https://aboutwallart.com/blogs/news-articles-home-decor-inspiration/can-a-single-bold-abstract-art-transform-your-space
https://aboutwallart.com/blogs/news-articles-home-decor-inspiration/coastal-home-decor-light,https://aboutwallart.com/blogs/news-articles-home-decor-inspiration/coastal-home-decor-light-breezy-ideas-for-a-beach-inspired-home
https://aboutwallart.com/blogs/news-articles-home-decor-inspiration/creative-childrens-room-wall-decorations,https://aboutwallart.com/blogs/news-articles-home-decor-inspiration/creative-childrens-room-wall-decorations-to-brighten-their-s
https://aboutwallart.com/blogs/news-articles-home-decor-inspiration/essential-tips-for-man-decorating-stylish-ideas,https://aboutwallart.com/blogs/news-articles-home-decor-inspiration/essential-tips-for-man-decorating-stylish-ideas-for-every-sp
https://aboutwallart.com/blogs/news-articles-home-decor-inspiration/essential-tips-for-moving-house,https://aboutwallart.com/blogs/news-articles-home-decor-inspiration/essential-tips-for-moving-house-a-stress-free-guide
https://aboutwallart.com/blogs/news-articles-home-decor-inspiration/farmhouse-living-room-ideas-for-cosy,https://aboutwallart.com/blogs/news-articles-home-decor-inspiration/farmhouse-living-room-ideas-for-cosy-rustic-style
https://aboutwallart.com/blogs/news-articles-home-decor-inspiration/home-decor-trends-for-2026-key-looks-for-every-room,https://aboutwallart.com/blogs/news-articles-home-decor-inspiration/home-decor-trends-for-2026-key-looks-for-every-room-1
https://aboutwallart.com/blogs/news-articles-home-decor-inspiration/how-can-i-get-the-most-value-from-hiring-an-interior-designer,https://aboutwallart.com/blogs/news-articles-home-decor-inspiration/how-can-i-get-the-most-value-from-hiring-an-interior-designer-1
https://aboutwallart.com/blogs/news-articles-home-decor-inspiration/how-i-used-canvas-pictures-for-living-rooms,https://aboutwallart.com/blogs/news-articles-home-decor-inspiration/how-i-used-canvas-pictures-for-living-rooms-to-create-my-calm-sanctuary
https://aboutwallart.com/blogs/news-articles-home-decor-inspiration/how-nature-inspired-art-can-transform-your-walls,https://aboutwallart.com/blogs/news-articles-home-decor-inspiration/how-nature-inspired-art-can-transform-your-walls-into-a-soul
https://aboutwallart.com/blogs/news-articles-home-decor-inspiration/how-nature-inspired-art-can-transform-your-walls-into-a-soul,https://aboutwallart.com/blogs/news-articles-home-decor-inspiration/how-nature-inspired-art-can-transform-your-walls-into-a-soul-soothing-masterpieces
https://aboutwallart.com/blogs/news-articles-home-decor-inspiration/how-to-create-a-relaxing-workspace-practical-ways-to-support,https://aboutwallart.com/blogs/news-articles-home-decor-inspiration/how-to-create-a-relaxing-workspace-practical-ways-to-support-mental-health-at-work
https://aboutwallart.com/blogs/news-articles-home-decor-inspiration/how-to-decorate-a-master-bedroom-stylish-ideas-for-comfort,https://aboutwallart.com/blogs/news-articles-home-decor-inspiration/how-to-decorate-a-master-bedroom-stylish-ideas-for-comfort-a
https://aboutwallart.com/blogs/news-articles-home-decor-inspiration/how-to-decorate-a-really-small-bedroom-10-space-saving-tips,https://aboutwallart.com/blogs/news-articles-home-decor-inspiration/how-to-decorate-a-really-small-bedroom-10-space-saving-tips-
https://aboutwallart.com/blogs/news-articles-home-decor-inspiration/how-to-match-prints-for-the-wall-with-your-interior-color,https://aboutwallart.com/blogs/news-articles-home-decor-inspiration/how-to-match-prints-for-the-wall-with-your-interior-color-sc
https://aboutwallart.com/blogs/news-articles-home-decor-inspiration/how-to-use-decor-to-improve-daily-habits,https://aboutwallart.com/blogs/news-articles-home-decor-inspiration/how-to-use-decor-to-improve-daily-habits-textbuilder
https://aboutwallart.com/blogs/news-articles-home-decor-inspiration/style-trends-add-a-dash-of-drama-with-the-wild-side-look,https://aboutwallart.com/blogs/news-articles-home-decor-inspiration/style-trends-add-a-dash-of-drama-with-the-wild-side-look-for
https://aboutwallart.com/blogs/news-articles-home-decor-inspiration/the-role-of-wall-art-in-mood-setting-enhance-your-space-with,https://aboutwallart.com/blogs/news-articles-home-decor-inspiration/the-role-of-wall-art-in-mood-setting-enhance-your-space-with-style
https://aboutwallart.com/blogs/news-articles-home-decor-inspiration/types-of-wall-art,https://aboutwallart.com/blogs/news-articles-home-decor-inspiration/types-of-wall-art-materials-guide-to-choosing-the-one
https://aboutwallart.com/blogs/news-articles-home-decor-inspiration/understanding-wall-art-size-guide,https://aboutwallart.com/blogs/news-articles-home-decor-inspiration/understanding-wall-art-size-guide-for-your-space
https://aboutwallart.com/blogs/news-articles-home-decor-inspiration/what-is-canvas-art,https://aboutwallart.com/blogs/news-articles-home-decor-inspiration/what-is-canvas-art-understanding-the-beauty-and-impact
https://aboutwallart.com/blogs/news-articles-home-decor-inspiration/what-is-the-3-5-7-rule-in-decorating,https://aboutwallart.com/blogs/news-articles-home-decor-inspiration/what-is-the-3-5-7-rule-in-decorating-a-simple-formula-for-stylish-spaces
