Keyword,Volume,SEO Difficulty
3 piece canvas,110,32
3 print wall art,110,12
above couch wall decor,110,30
abstract art and artists,110,29
abstract art colorful,110,25
abstract art colourful,110,28
abstract art for living room,110,33
abstract art in london,110,32
abstract art people,110,24
abstract art uk,110,33
abstract art work,110,32
abstract artist uk,110,24
abstract artwork artists,110,31
abstract artwork drawing,110,38
abstract beach painting,110,26
abstract beach paintings,110,20
abstract canvas large wall art,110,28
abstract colorful art,110,25
abstract figure,110,26
abstract figures,110,47
abstract flower print,110,19
abstract forms,110,23
abstract framed art,110,34
abstract grey wall art,110,21
abstract landscape print,110,22
abstract landscape wall art,110,37
abstract landscapes wall art,110,31
abstract meaning in art,110,49
abstract mountain art,110,17
abstract nature art,110,16
abstract ocean artwork,110,25
abstract original art for sale,110,30
abstract painting sample,110,48
abstract painting samples,110,36
abstract paintings of people,110,21
abstract paintings people,110,21
abstract paintings uk,110,35
abstract people painting,110,23
abstract people paintings,110,17
abstract pictures for living room,110,37
abstract pink wall art,110,16
abstract portrait art,110,24
abstract portrait artwork,110,28
abstract print black and white,110,16
abstract wall art pink,110,14
abstract wall art uk,110,29
abstracted meaning in art,110,49
affordable large wall art,110,17
alternative paintings,110,24
architectural photography black and white,110,28
architecture black and white,110,26
art abstract nature,110,17
art colourful,110,12
art composition types,110,25
art online uk,110,62
art photo black and white,110,22
art prints for the home,110,43
art prints home,110,60
artwork examples,110,57
artwork for lounge rooms,110,25
bedroom wall art white,110,20
best bedroom art,110,31
best black and white pictures,110,26
best interior design,110,48
best interiors designers,110,25
best way to hang a picture without nails,110,22
best way to hang pictures without nails,110,21
big paintings for sale,110,33
big wall decor,110,36
black and green wall art,110,24
black and white abstract art prints,110,17
black and white architectural photography,110,27
black and white architecture,110,26
black and white art deco,110,21
black and white art drawings,110,24
black and white framed art,110,23
black and white framed wall art,110,26
black and white picture art,110,21
black and white pictures for bedroom,110,21
black green wall art,110,18
black white pictures,110,18
blue art work,110,18
blue pictures for living room,110,21
blue wall art large,110,19
bright color wall art,110,14
bright colour pictures,110,26
bright coloured pictures,110,28
bright colourful pictures,110,20
brown and cream wall art,110,17
brown wall print,110,18
brume art,110,21
buy a painting,110,66
california art,110,73
canada water student accommodation,110,14
canvas painting for living room,110,31
canvas paintings for living room,110,29
canvas paintings living room,110,25
canvas size chart,110,16
canvas sizes chart,110,16
canvas sizing chart,110,29
canvas wall art nature,110,20
canvas wall art set of 2,110,20
canvas wall art sets of 2,110,17
canvas xxl,110,17
cat art abstract,110,26
cheap large canvas,110,33
cheap wall art large,110,32
cityscape artist,110,12
colourful abstract painting,110,34
colourful abstract paintings,110,31
common picture frame sizes,110,16
composing a painting,110,38
composition art painting,110,41
composition for painting,110,35
composition in painting,110,42
composition painting,110,42
composition rules art,110,39
composition rules in art,110,33
composition types art,110,31
composition types in art,110,31
cool abstract art,110,42
cool abstract paintings,110,46
cream and brown wall art,110,17
cream art,110,17
embellished wall art,110,21
example of abstract artwork,110,47
extra large framed picture,110,19
extra large framed print,110,16
extra large framed prints,110,19
extra large framed wall art,110,16
extra large painting,110,14
extra large paintings,110,15
extra large picture,110,32
extra large pictures,110,23
extra large prints for wall,110,17
extra large prints for walls,110,20
farrow and ball colour chart 2026,110,30
filham house,110,20
floral abstract print,110,26
florence print,110,18
florence prints,110,22
framed abstract wall art,110,35
framed art small,110,37
framed art uk,110,50
framing large paintings,110,20
gold abstract art,110,18
gold abstract artwork,110,15
good painting for living room,110,34
gray pictures for bedroom,110,27
green and black wall art,110,20
green and gray wall art,110,19
green and grey wall art,110,22
green art deco,110,18
green canvas picture,110,16
green canvas print,110,22
green canvas prints,110,17
green grey wall art,110,21
green in interior design,110,29
green interior design,110,27
grey abstract wall art,110,14
grey and green wall art,110,21
grey art,110,33
grey artwork,110,17
grey pictures for bedroom,110,21
grey wall hanging,110,18
handmade frames,110,12
home design service,110,36
how big is 40x60cm,110,16
how to mount picture in frame,110,24
how to put a photo in a frame,110,20
how to put a picture in a frame,110,22
how to put a picture in a picture frame,110,29
how to put picture in frame,110,19
huge paintings for sale,110,28
inexpensive art for large walls,110,32
landscape abstract print,110,28
landscape abstract prints,110,36
landscape abstract wall art,110,34
large abstract wall art canvas,110,23
large black framed pictures,110,19
large black framed print,110,19
large black framed prints,110,21
large blue wall art,110,21
large canvas art for living room,110,36
large canvas cheap,110,32
large canvas landscape,110,29
large canvas prints for living room,110,27
large inexpensive wall art,110,21
large landscape canvas,110,33
large living room canvas art,110,29
large painting framed,110,22
large painting in frame,110,27
large painting with frame,110,34
large paintings for sale,110,15
large paintings framed,110,23
large paintings with frame,110,23
large wall art inexpensive,110,21
large wall painting,110,32
lines by art,110,42
living room canvas paintings,110,28
london abstract art,110,50
london abstract painting,110,33
london bridge print,110,13
long canvas picture,110,35
long canvas pictures,110,38
long canvas print,110,40
long canvas prints,110,37
luxury artworks,110,39
luxury living room design,110,33
mark rothko meaning of paintings,110,41
maximalism wall art,110,16
mid century abstract art,110,23
mid century meaning,110,26
mid century modern picture frames,110,27
modern abstract contemporary art,110,39
modern abstract landscape paintings,110,28
modern wall art black,110,21
modern wall prints,110,52
moody art,110,13
natural landscape art,110,37
nature canvas wall art,110,15
nature landscape art,110,17
ocean abstract art,110,20
office art deco,110,22
online interior design service uk,110,26
orange canvas,110,23
orange canvas wall art,110,17
original art uk,110,53
original art wall,110,36
original wall art,110,41
over couch wall decor,110,30
over sofa wall decor,110,25
painting for lounge,110,32
paintings by sorolla,110,37
paintings of kitchen,110,29
paintings on canvas for living room,110,30
peter blake beatles,110,30
peter blake the beatles,110,17
photo sizes cm to inches,110,21
photo sizes in cm and inches,110,21
photography art black and white,110,26
picasso framed print,110,13
picasso framed prints,110,15
pink abstract wall art,110,14
real abstract,110,22
red painting wall,110,23
renoir boating party,110,42
rule of composition in art,110,41
seagulls pics,110,32
semi abstract artwork,110,25
set of 2 canvas wall art,110,25
set of 2 framed art,110,18
set of 4 framed art,110,19
set of 4 framed pictures,110,22
set of 4 prints framed,110,20
set of four framed prints,110,20
set of two framed prints,110,11
solid wood frames,110,13
sorolla art,110,41
sorolla painter,110,43
square posters,110,14
tadmarton manor,110,20
taupe wall art,110,19
teal canvas wall art,110,21
the beatles peter blake,110,19
the bridge art,110,27
top interior designers uk,110,36
turquoise wall art,110,17
type of composition in art,110,26
types of composition art,110,31
types of composition in art,110,24
types of compositions in art,110,35
uk abstract artists,110,26
uk framed art,110,52
very large wall art,110,16
vibrant artwork,110,13
wall art 2 piece,110,20
wall art london,110,52
wall art modern,110,41
wall art turquoise,110,17
wall decor grey,110,34
wall frame wood,110,24
wall mounting without nails,110,20
what are the standard sizes for picture frames,110,13
what does contemporary mean in art,110,36
what does limited edition mean,110,27
what is a contemporary artist,110,42
what is contemporary artist,110,36
what is contemporary artists,110,42
what is standard photo frame size,110,14
where to buy art for walls,110,49
where to buy cheap art in london,110,37
where to buy wall art,110,28
white abstract wall art,110,19
white textured canvas,110,21
xl art,110,14
xl artwork,110,15
xxl canvas,110,24
yellow canvas wall art,110,29
yellow grey wall art,110,22
3 piece artwork,140,28
abstract art graffiti,140,29
abstract art wall decor,140,33
abstract art wall painting,140,33
abstract color painting,140,38
abstract color paintings,140,31
abstract colorful artwork,140,25
abstract colorful painting,140,29
abstract colorful paintings,140,29
abstract colors painting,140,43
abstract colourful painting,140,36
abstract colourful wall art,140,22
abstract face art paintings,140,27
abstract flower prints,140,35
abstract graffiti,140,32
abstract modern art,140,35
abstract painting sale,140,28
abstract paintings wall decor,140,38
abstract seascape paintings,140,31
abstract still life,140,30
abstract wall art colorful,140,29
abstract wall art for bedroom,140,37
abstract wall decor,140,35
abstract wall painting,140,24
affordable art online uk,140,56
affordable art prints,140,24
affordable interior design uk,140,34
affordable original art,140,23
alternative wall art,140,20
art canvas prints,140,37
art london skyline,140,12
art painting for living room,140,27
art paintings uk,140,68
art prints limited edition,140,22
artist artwork,140,72
artwork framed,140,35
beige abstract wall art,140,18
belshaw diptych,140,49
best interior decorating,140,45
best interior designer uk,140,38
best modern artwork,140,44
best wall colour,140,34
big art prints,140,36
black abstract art,140,14
black and brown wall art,140,24
black and white abstract prints,140,16
black and white art deco pattern,140,23
black and white prints for living room,140,23
black canvas wall art,140,22
black frame pictures for living room,140,21
black framed pictures for living room,140,20
black line straight,140,32
black paint splatter,140,19
black with paint splatter,140,26
blue and white wall art,140,17
blue canvas art,140,14
blue canvas artwork,140,16
blue canvas print,140,18
blue canvas prints,140,17
blue orange wall art,140,18
blue rothko paintings,140,26
blue wall decor,140,22
blue wall prints,140,17
brave ground dulux paint,140,18
bright colors art,140,32
bright colour artwork,140,13
bright coloured art,140,13
bright colourful art,140,28
bright colourful artwork,140,12
bright paintings,140,13
brown abstract wall art,140,18
brown and beige wall art,140,18
brown and black wall art,140,18
brown beige wall art,140,16
brown canvas wall art,140,20
brown wall art canvas,140,19
burnt orange artwork,140,23
buy art in london,140,48
buy art uk,140,57
canada water scape,140,17
canvas for hallway,140,31
canvas paintings wall art,140,38
canvas pictures green,140,20
canvas prints hanging,140,33
canvas sizes for painting,140,28
cheap canvas paintings,140,35
city wall art,140,22
colorful abstract art,140,22
colorful abstract wall art,140,36
composition abstract art,140,33
composition in abstract art,140,30
composition in drawing,140,38
contemporary abstract art,140,30
contemporary artwork uk,140,40
dark brown wall art,140,15
different art movements,140,64
diptych painting,140,24
dog playing poker,140,54
emerald green wall art,140,19
extra large wall poster,140,35
figurative abstract,140,36
figurative abstract painting,140,43
giant art,140,20
graffiti art abstract,140,37
greek artwork,140,42
green art work,140,14
green framed wall art,140,17
green paintings,140,17
green wall art framed,140,20
grey wall art for living room,140,21
hand painted canvas art,140,15
hand painted wall art,140,22
hospitality design,140,30
hospitality designs,140,24
house wall art,140,48
impressionist art prints,140,32
impressionist prints,140,40
large abstract wall art for living room,140,32
large art pieces,140,24
large black and white canvas,140,17
large black wall art,140,21
large canvas wall art the range,140,25
large canvas wall art uk,140,31
large framed picture for living room,140,27
large framed pictures for living room,140,29
large framed print,140,28
large framed prints for living room,140,17
large living room framed pictures,140,31
large modern pictures for living room,140,34
large print art,140,30
large wall art black,140,20
large wall art portrait,140,17
large wall canvas art uk,140,31
large wall pictures for living room,140,33
limited edition art prints,140,12
living room art painting,140,41
measurements for a4 frame,140,16
minted wallpaper,140,22
modern abstract artists,140,35
modern art paintings,140,45
modern landscape artwork,140,37
modern prints for living room,140,19
natural wooden frame,140,17
navy prints,140,18
oil on canvas original paintings,140,38
oil painting original art,140,37
oil paintings for sale original,140,28
orange and blue artwork,140,20
original oil canvas paintings,140,36
original oil painting,140,30
paint splatter black,140,21
painted canvas wall art,140,33
painting art for living room,140,41
painting canvas wall,140,38
paintings and prints,140,59
photo frame sizes chart,140,18
picture frame size guide,140,18
picture sets for wall,140,24
poster frame sizes chart,140,16
poster room,140,35
poster set of 3,140,14
poster sets of 3,140,11
posters room,140,39
print sets for wall,140,11
prints of seascapes,140,16
prints set of 2,140,10
set of 3 art,140,11
set of 3 art prints,140,11
set of 3 artwork,140,11
set of 3 posters,140,13
set of 4 wall art,140,21
set of pictures for wall,140,28
set of prints for wall,140,12
set of three prints,140,11
set of wall prints,140,14
sets of pictures for wall,140,12
sets of prints for walls,140,13
sets of wall pictures,140,16
small frame art,140,24
small frame photo size,140,18
small picture frame sizes,140,18
splatter paint black,140,19
standard canvas sizes,140,27
standard picture frames,140,30
straight black line,140,30
teal frame,140,19
teal picture frames,140,22
top 10 uk interior designers,140,36
toucan arts,140,18
trio of prints,140,13
type of art prints,140,25
uk best interior designers,140,37
wall art 3 piece set,140,31
wall art cityscape,140,13
wall art decor black and white,140,19
wall art grey and yellow,140,23
wall art orange and blue,140,17
wall art painting abstract,140,37
wall art painting on canvas,140,38
wall art set of 4,140,21
wall art sets of 4,140,21
wall art shop,140,61
wall art sizing guide,140,18
wall art store,140,59
wall art yellow and gray,140,24
wall decor abstract,140,33
wall paint abstract,140,42
wall picture sets,140,22
wall pictures set,140,15
wall print set,140,12
wall print set of 3,140,12
wall print sets,140,10
wall prints blue,140,14
wall prints set,140,13
wall prints sets,140,13
what does a limited edition mean,140,26
what is line art,140,36
what size is 30x40 cm,140,18
what size is 30x40cm,140,20
what size is a4 frame in cm,140,19
when is mid century,140,32
when is mid century modern,140,41
abstract art living room,170,37
abstract art paintings blue,170,19
abstract art red,170,28
abstract artist modern,170,34
abstract artwork easy,170,38
abstract black white painting,170,16
abstract building,170,23
abstract colorful,170,29
abstract colorful wall art,170,32
abstract coloring,170,27
abstract colors,170,25
abstract colour,170,26
abstract colours,170,22
abstract face artwork,170,27
abstract geometric art,170,46
abstract modern paintings,170,33
abstract nature,170,34
abstract of nature,170,36
abstract original art,170,33
abstract original artwork,170,38
abstract original paintings,170,36
abstract painting living room,170,36
abstract paintings red,170,24
abstract style painting,170,45
abstract textured art,170,25
affordable art in london,170,50
affordable original art uk,170,49
art abstract collage,170,27
art for house,170,39
art for houses,170,35
art for sale online uk,170,57
art movement list,170,67
art movements list,170,67
art on canvas,170,34
art print blue,170,33
art prints mid century,170,13
art style abstract,170,56
art teal,170,17
art untamed,170,12
artist cityscapes,170,14
artistic movements list,170,69
artists cityscapes,170,15
artists line drawings,170,25
artists movement,170,47
artwork colorful,170,15
artwork for home decor,170,43
artwork for house,170,42
artwork for houses,170,31
artwork home,170,40
artwork site,170,75
artwork500,170,28
beige and brown wall art,170,18
best contemporary art galleries london,170,25
best farrow and ball colours,170,20
best home paintings,170,45
best modern art galleries in london,170,19
big wall art bedroom,170,25
big wall art for bedroom,170,37
black and white floral pattern,170,26
black and white flower pattern,170,26
black and white line drawings,170,26
black and white monochrome,170,21
black white monochrome,170,22
block colour paintings,170,18
blue abstract painting,170,24
blue and gray wall art,170,21
blue art prints,170,29
blue artwork prints,170,21
blue rothko,170,26
blue wall art for bedroom,170,19
blush art,170,27
brown pictures,170,21
buy art online uk,170,64
canvas pictures on wall,170,39
canvas wall art contemporary,170,28
cheap prints for wall,170,46
city scape artists,170,13
cityscape artists,170,14
cityscapes artists,170,15
color combination for wall paint,170,42
colorful canvas wall art,170,37
colourful canvas wall art,170,29
composition in art examples,170,36
contemporary art painting for sale,170,24
contemporary art paintings for sale,170,29
contemporary art versus modern art,170,37
contemporary paintings for sale,170,36
cool art work,170,35
dark green wall art,170,17
example of composition in art,170,35
example of modern artwork,170,41
extra large painted canvas,170,29
extra large painting canvases,170,17
extra large prints,170,23
facts about peter blake,170,18
farrow and ball colour of the year 2026,170,20
fine artwork for sale,170,64
frame sizes in cm,170,17
frame sizes square,170,13
framed pictures cheap,170,40
framed print sets,170,20
framed wall print,170,36
gallery climate coalition,170,42
gallery wall sets,170,22
geometric art paintings,170,42
giant wall art,170,17
good paintings for home,170,40
green abstract wallpaper,170,18
green and orange wall art,170,21
grey and white wall art,170,16
grey blue wall art,170,21
high quality canvas prints,170,47
hospitality interior design,170,15
how big is 12x8 picture,170,16
how big is 30 x 40cm,170,21
how big is 30x40 cm,170,21
how big is 30x40cm,170,19
how to remodel house,170,43
how to renovate a house,170,35
interior design artwork,170,33
interior design hospitality,170,30
kitchen art modern,170,27
labyrinth art,170,26
large art prints for walls,170,30
large art prints uk,170,50
large canvas for living room,170,27
large canvas living room,170,31
large canvas pictures for wall,170,29
large canvas print picture,170,46
large canvas print wall art,170,30
large canvas prints wall art,170,41
large canvas wall art for living room,170,31
large framed canvas wall art,170,33
large green wall art,170,17
large horizontal wall art,170,18
large printable art,170,40
large textured wall art,170,15
large wall art canvas print,170,29
large wall art for bedroom,170,36
large wall art green,170,19
large wall art prints,170,21
large wall canvas art,170,28
large wall canvas prints,170,28
line art black and white,170,18
line art print,170,16
line drawing artists,170,27
line drawing print,170,16
list art movements,170,70
list of art movements,170,62
living room abstract art,170,37
loch ness monster images,170,29
long rectangle wall art,170,26
map of the pacific,170,47
mid century artwork prints,170,14
mid century prints,170,19
minted paintings,170,27
modern abstract painting,170,32
modern art kitchen,170,22
modern art painting abstract,170,50
modern artists abstract,170,38
modern artwork example,170,49
modern artwork examples,170,41
modern large wall art for living room,170,30
monochrome print,170,18
monochrome prints,170,17
natural abstract,170,34
navy blue picture,170,24
navy blue pictures,170,22
office prints for wall,170,16
office wall pictures,170,19
online interior decorating service,170,39
online interior design company,170,33
online interior design service,170,42
online interior design services,170,26
orange abstract art,170,22
orange paintings abstract,170,18
original abstract art,170,35
original abstract artwork,170,29
original abstract painting,170,38
original abstract paintings,170,39
original art oil painting,170,32
paint splatter white,170,23
painting abstract,170,40
painting modern abstract art,170,46
peter blake facts,170,14
peter blake information,170,14
photo frame size chart,170,19
photo frame sizes in inches,170,13
photo frame sizing chart,170,19
picture frame size chart,170,19
picture frame sizes chart,170,20
picture frame sizes in inches,170,16
picture frame sizes inches,170,13
picture frame sizes square,170,19
picture frames size guide,170,19
picture frames sizes chart,170,17
pictures for office wall,170,16
poster frame size chart,170,20
prints set of 4,170,17
red abstract art,170,20
red abstract paintings,170,33
rossetti art,170,46
rossetti's paintings,170,42
set of 3 abstract wall art,170,35
set of 3 paintings,170,22
set of framed prints,170,21
small pictures for walls,170,38
small wall pictures,170,41
solid wood photo frames,170,12
square frame sizes,170,16
square picture frame size,170,23
square picture frames sizes,170,28
standard frame sizes in inches,170,15
standard frame sizes inches,170,17
standard picture frame sizes inches,170,15
tattoo tattoo,170,37
terra cotta prints,170,26
textured white abstract framed canvas,170,21
triangle artwork,170,25
triptych wall art,170,13
unusual wall art for living room uk,170,18
wall art blue grey,170,21
wall art dark green,170,20
wall art for hallway entrance,170,15
wall art framed for living room,170,37
wall art grey and blue,170,21
wall art grey and white,170,16
wall art grey white,170,18
wall art pair,170,11
wall art white and gold,170,17
wall art wide,170,20
wall canvas bedroom,170,37
wall canvas for bedroom,170,38
wall gallery,170,33
wall pictures for hallway,170,31
what is a line drawing,170,46
what is line drawing,170,42
what is line drawings,170,46
what is mid century,170,27
what is mid century modern,170,39
what size is 30 x 40 cm,170,18
what size photo frame for a4,170,16
what size photo frame is a4,170,17
white and gray wall art,170,17
white paint splatter,170,23
white splatter paint,170,21
xl canvas wall art,170,25
3 canvas set,210,22
3 picture wall art,210,14
3 set canvas,210,16
abstract art prints uk,210,28
abstract art shapes,210,33
abstract art wall mural,210,18
abstract artists contemporary,210,30
abstract black and white wall art,210,17
abstract blue paintings,210,19
abstract faces art,210,28
abstract framed wall art,210,30
abstract painting shapes,210,20
abstract paintings shapes,210,17
abstract portrait painting,210,30
abstract portrait paintings,210,21
abstract shape art,210,34
abstract shape artwork,210,15
abstract shapes art,210,39
abstract wall art canvas,210,32
abstract wall art framed,210,17
abstract wall murals,210,26
add picture to frame,210,34
affordable interior design,210,33
art abstract,210,42
art abstract shapes,210,18
art canvas painting,210,26
art for sale london,210,60
art paintings to buy,210,61
art pictures modern,210,41
art print green,210,17
art prints green,210,14
artwork abstract,210,39
artwork canvas painting,210,37
artwork nature,210,18
average photo frame size,210,15
best interior designer london,210,45
big canvas art,210,24
big wall pictures for living room,210,37
black abstract wall art,210,14
black and grey wall art,210,20
black and white abstract wall art,210,16
black and white large prints,210,32
black white canvas wall art,210,15
blue bedroom wall art,210,20
blue navy wall,210,35
blue wall art for living room,210,20
buy paintings online,210,63
canvas 3 set,210,17
canvas art painting,210,31
canvas art paintings,210,34
canvas painting art,210,31
canvas set 3,210,15
canvas set of 3,210,17
canvas set of three,210,17
canvas sets of 3,210,17
canvas wall art beige,210,20
canvas wall art cheap,210,41
cheap prints in frames,210,34
cities canvas,210,20
city canvases,210,22
cityscape art,210,24
coloured canvas,210,28
colourful art prints,210,11
contemporary abstract drawings,210,28
contemporary abstract painters,210,24
contemporary abstract painting,210,36
contemporary abstract paintings,210,40
contemporary abstraction,210,27
contemporary art vs modern art,210,43
contemporary vs modern art,210,44
contemporary wall art uk,210,52
cool prints for walls,210,39
dandelion picture,210,28
diptych artwork,210,22
edition prints,210,28
extra large canvas picture,210,33
extra large canvas print,210,35
extra large canvas prints,210,35
famous line art,210,34
famous line art artists,210,31
famous line artist,210,34
famous line artists,210,33
famous line artwork,210,36
famous line drawings,210,34
framed art prints cheap,210,36
framed canvas prints uk,210,32
framed prints cheap,210,32
giant canvas,210,22
green wall decor,210,26
green wall prints,210,15
how to measure photo frame size,210,24
impressionist style artwork,210,45
interior design help,210,32
kandinsky's paintings,210,59
large abstract painting on canvas,210,37
large canvas abstract art,210,26
large canvas abstract artwork,210,37
large canvas painting,210,33
large colorful wall art,210,16
large neutral wall art,210,19
large wall art colorful,210,26
large wall pictures living room,210,49
limited edition definition,210,32
limited edition meaning,210,29
line art by famous artists,210,34
line artist famous,210,27
line artists famous,210,28
long artwork,210,25
long canvas wall art,210,36
matcha green colour,210,21
meaning of limited edition,210,34
mid century modern art prints,210,19
mid century modern prints,210,19
mid century poster,210,22
modern art for sale,210,28
modern art pictures,210,36
modern art versus contemporary art,210,44
modern art vs contemporary,210,40
modern art vs contemporary art,210,44
modern canvas wall art,210,31
monochrome wall art,210,14
navy blue wall,210,31
nice art paintings,210,65
nordic art,210,23
normal photo frame size,210,16
oasis canvas,210,17
organic art,210,21
organic artwork,210,25
organic modern interior design,210,21
paint canvas art,210,23
painted canvas art,210,17
painted canvas artwork,210,25
painting canvas art,210,28
painting for sale online,210,61
paintings for home office,210,14
paintings for sale london,210,47
picture frame types,210,29
pictures flowers,210,39
portrait abstract painting,210,23
portrait paintings abstract,210,22
portraits abstract painting,210,24
set 3 canvas,210,17
set of 3 canvas,210,19
set of 3 canvases,210,16
set of 3 framed prints,210,11
set of canvas,210,33
shelfie,210,14
shelfies,210,35
sir lawrence alma tadema,210,41
small artworks,210,23
splatter paintings artist,210,22
square wall art,210,16
standard photo sizes for frames,210,14
standard size for photo frames,210,13
standard size frames for pictures,210,16
still life picture,210,50
three canvas set,210,17
triptych painting,210,35
wall art black and white canvas,210,17
wall mural abstract,210,17
wall murals abstract,210,26
what are art movements,210,38
what are the art movements,210,56
what art movement,210,48
what does abstract art mean,210,48
what does abstract mean in art,210,47
what is a line art,210,41
what is a line in art,210,36
what is a movement in art,210,40
what is an art movement,210,39
what is an artistic movement,210,36
what is art movement,210,42
what is art movements,210,50
what is artistic movement,210,24
what size frame for a3 print,210,14
3 canvas wall art,260,24
3 piece canvas wall art,260,36
3 prints,260,10
abstract art examples,260,47
abstract art geometric,260,44
abstract art images,260,42
abstract art on wall,260,32
abstract artwork examples,260,40
abstract black and white painting,260,18
abstract gold wall art,260,17
abstract painting picture,260,43
abstract paintings examples,260,35
abstract paintings simple,260,35
abstract poster,260,33
abstract print,260,29
abstract realism artwork,260,26
abstract realistic art,260,25
abstract realistic painting,260,30
abstract wall,260,33
affordable art uk,260,57
arc prints,260,17
art for an office,260,14
art frame pictures,260,38
art on canvas painting,260,48
artist black and white,260,27
artists black and white,260,20
artwork for hallway,260,23
artwork for large walls,260,16
artwork for lounges,260,18
artwork for offices,260,15
big paintings,260,18
black and white abstract art paintings,260,25
black and white abstract artists,260,16
black and white abstract painting,260,25
black and white abstract paintings,260,19
black framed art,260,21
black framed artwork,260,18
blue canvas wall art,260,20
blue design,260,22
blue wall art canvas,260,15
bridge art,260,41
bridgeart,260,13
bright artwork,260,13
bright prints,260,15
burnt orange wall art,260,17
buy original art,260,65
buy original artworks,260,61
buy original paintings,260,45
buy prints of paintings,260,53
canvas paintings for kitchen,260,31
canvas wall art 3,260,33
cityscape artwork,260,14
cityscapes art,260,19
clarendon fine art battersea power station,260,17
colourful abstract art,260,35
colourful abstract artwork,260,33
contemporary abstract wall art,260,34
die hard movie poster,260,26
earthy paintings,260,14
extra large canvas wall art uk,260,32
extra large wall art uk,260,19
fauves painting,260,41
framed drawings,260,36
gallery wall print,260,28
gold abstract wall art,260,20
gray canvas wall art,260,21
green wall art for bedroom,260,15
home staging for selling house,260,48
home staging to sell house,260,23
house staging to sell,260,29
huge wall art,260,18
image of abstract painting,260,55
images abstract paintings,260,37
images for abstract paintings,260,34
kenwith castle,260,24
large abstract canvas,260,27
large art wall painting,260,19
large contemporary wall art,260,29
large frame art,260,21
large framed art,260,19
large modern wall art,260,23
large paintings on wall,260,19
large wall art uk,260,27
large white framed pictures,260,19
line art artists,260,31
line artists,260,38
line artwork artists,260,27
living room ideas art,260,40
long horizontal wall art,260,19
long pictures for wall,260,38
long pictures for walls,260,41
long wall pictures,260,56
minimal abstract art,260,27
minimal abstract paintings,260,34
minimalist abstract art,260,33
minimalist abstract artwork,260,35
minimalist abstract paintings,260,28
minted gallery,260,35
modern abstract wall art,260,32
neutral canvas,260,16
painting art modern,260,45
painting size,260,19
paintings by size,260,18
paintings prints for sale,260,53
photo frame sizes in cm,260,18
pics of abstract art,260,57
picture abstract art,260,37
picture frame sizes cm,260,18
picture sets,260,24
prints for frames uk,260,62
red print,260,18
sample of abstract art,260,56
set of 3 framed wall art,260,13
set of pictures,260,34
simple abstract art,260,43
simple abstract artists,260,36
square art prints,260,12
stage a house to sell,260,24
stage home for selling,260,25
stage my home to sell,260,18
stage your home to sell,260,17
staging your house to sell,260,18
swimmer art,260,18
trio wall art,260,12
wall art abstract,260,20
wall art canvas grey,260,19
watercolour paintings abstract,260,19
xl canvas,260,29
xxl wall art,260,24
abstract art seascapes,320,14
abstract artists portraits,320,29
abstract black and white wallpaper,320,23
abstract blue wall art,320,14
abstract curtains,320,17
abstract line art,320,27
abstract lines drawing,320,27
abstract wall art blue,320,20
abstraction photos,320,38
ages of art,320,49
art eras timeline,320,50
art line definition,320,32
art nouveau art,320,61
art period,320,54
art periods,320,47
artistic periods,320,54
artistic prints for sale,320,64
arts period,320,53
artwork consultants,320,28
artwork of impressionism,320,42
black and white framed pictures,320,18
black white abstract wallpaper,320,15
blue canvas,320,22
bright wall art,320,13
canvas art uk,320,36
canvas artwork modern,320,36
canvas pictures for bedroom,320,31
canvas prints modern,320,35
composition meaning in art,320,32
contemporary art on canvas,320,38
contemporary art prints on canvas,320,34
define lines in art,320,36
eclectic gallery,320,24
extra large art,320,15
extra large wall art for living room uk,320,31
framed art prints uk,320,55
green wall art for living room,320,16
hanging canvas,320,23
hawling manor farm,320,26
how to frame a picture,320,34
how to hang a painting on the wall without nails,320,30
how to hang art on wall without nails,320,28
how to hang frames on wall without nails,320,28
impressionist art paintings,320,42
large art work,320,20
large paintings,320,17
large wall decor,320,33
line art definition,320,47
line art meaning,320,38
line definition art,320,35
line definition in art,320,29
line in art meaning,320,33
lines definition in art,320,29
little green color,320,26
luxury interior designers london,320,58
mark making artist,320,15
mid 20th century,320,47
mid century wall art,320,20
modern art canvas print,320,33
modern art canvases,320,32
modern art in canvas,320,33
modern artwork for living room,320,22
modern organic,320,31
modern paintings for living room,320,25
modern pictures,320,42
most popular farrow and ball colours,320,24
neutral canvas wall art,320,31
orange prints,320,15
organic modern,320,33
oversized art,320,17
oversized wall art,320,16
paintings in frames,320,30
period of art,320,41
periods of art,320,53
peter blake pop art,320,36
picabia,320,46
pink abstract,320,12
pink abstract art,320,18
pink abstract artwork,320,14
pink abstract paintings,320,14
rectangle pictures,320,35
rectangular pictures,320,34
seascape abstract paintings,320,19
simple abstract paintings,320,39
square art,320,23
textured wall art canvas,320,19
trio of pictures,320,20
wall art large,320,25
wall canvas living room,320,31
wall canvases for living room,320,31
what does composition mean in art,320,46
what is a triptych,320,36
what is triptych,320,41
what size is a2 frame,320,14
yellow art,320,22
yellow wall art,320,18
abstract art and design,390,50
abstract art blue,390,19
abstract art design,390,42
abstract art designs,390,39
abstract art for sale,390,26
abstract art paintings for sale,390,23
abstract art paintings on canvas,390,38
abstract artwork design,390,27
abstract artwork for sale,390,35
abstract design,390,49
abstract drawings for sale,390,18
abstract painting blue,390,24
abstract paintings on canvas,390,22
abstract photos,390,50
anthony cushion,390,26
art exhibitions london 2025,390,48
art for hallway,390,27
art for sale uk,390,59
art original paintings,390,52
art styles movements,390,58
artwork original paintings,390,31
beige canvas,390,18
blue abstract artwork,390,15
brave ground paint,390,16
brown art,390,14
brown artwork,390,14
brown canvas,390,19
canvas painting abstract art,390,28
canvas set of 3 wall art,390,18
contemporary art prints,390,42
fine line drawings,390,20
framed art on canvas,390,37
framed canvas art,390,25
geometric abstract art,390,42
geometric wall art,390,27
green canvas,390,19
interior art,390,35
interior design uk,390,52
large unusual wall art uk,390,26
limited edition prints,390,30
line in art,390,33
line in artwork,390,31
little greene colours,390,34
little greene green paint,390,41
long canvas,390,35
modern art painting,390,49
modern prints,390,39
modernist prints,390,38
monochrome art,390,20
movement artists,390,43
navy blue wall art,390,18
original artwork painting,390,38
original artwork paintings,390,33
original paintings,390,39
original paintings for sale uk,390,40
rectangular wall art,390,27
set of 3 canvas wall art,390,14
set of three wall art,390,17
sets of three wall art,390,12
swan photos,390,21
wall art canvas kitchen,390,32
wall art navy blue,390,18
wall canvas abstract,390,27
abstract art def,480,55
abstract art definition,480,51
abstract art meaning,480,49
abstract art oil on canvas,480,18
abstract art with description,480,46
abstract art with meaning,480,45
abstract artwork definition,480,51
abstract artwork famous,480,39
abstract definition art,480,50
abstract definition in art,480,49
abstract drawing definition,480,46
abstract drawing meaning,480,47
abstract drawings,480,44
abstract green wall art,480,17
abstract oil art,480,24
abstract oil painting,480,19
abstract painting definition,480,50
abstract painting description,480,53
abstract painting meaning,480,49
abstract painting oil on canvas,480,23
abstract paintings definition,480,50
abstract paintings meaning,480,50
abstract wall art for living room,480,38
abstract wall art green,480,16
abstraction definition art,480,51
art abstract definition,480,55
art abstract meaning,480,49
art black and white prints,480,35
art definition of abstract,480,49
art for gallery wall,480,29
artwork for gallery wall,480,21
artwork line,480,28
big wall art,480,20
black and white art printable,480,36
black and white wall art prints,480,34
black framed prints,480,20
brave ground,480,18
commissioned artworks,480,31
contemporary artwork meaning,480,43
define abstract art,480,48
define abstraction in art,480,50
definition for abstract art,480,48
definition of abstract art,480,49
description of abstract art,480,57
design poster,480,70
famous paintings abstract,480,32
gallery wall art,480,33
green abstract art,480,20
green abstract artwork,480,17
green abstract paintings,480,17
green abstract wall art,480,20
green canvas wall art,480,17
green wall canvas art,480,19
how big is 40cm by 40cm,480,22
large abstract painting,480,37
large art living room,480,18
large artwork for living room,480,16
large framed canvas,480,33
large living room art,480,30
meaning abstract art,480,53
meaning of abstract art,480,48
meaning of abstract in art,480,48
mid century modern art,480,21
modern pictures for living room,480,21
oil painting abstract art,480,20
orange art,480,19
popular abstract art,480,54
popular abstract artwork,480,41
print with black frame,480,21
rothko art,480,54
rothko painting,480,56
still life image,480,50
traditional art,480,38
traditional artworks,480,40
what size frame for a5,480,17
what size is a5 frame,480,17
what size photo frame for a5,480,19
what size photo frame is a5,480,17
abstract art sculptures,590,20
abstract artwork meaning,590,49
abstract black and white art,590,20
abstract faces,590,27
abstract floral,590,21
abstract images,590,49
art for long wall,590,25
art movement timeline,590,50
art movements timeline,590,50
art painting for sale,590,55
art pictures house,590,36
art wall set,590,15
artistic movements timeline,590,46
artwork large paintings,590,17
artwork paintings for sale,590,45
big painting for living room,590,27
big paintings for living room,590,29
black and white canvas prints,590,16
black and white framed prints,590,27
black and white painting,590,31
black white canvas prints,590,15
british interior designer,590,40
chronology of art movements,590,48
cities artwork,590,15
composition art definition,590,45
composition art meaning,590,39
composition definition art,590,41
composition definition in art,590,43
composition in art definition,590,44
composition in art meaning,590,29
composition meaning art,590,29
cream wall art,590,20
define composition in art,590,46
definition of art composition,590,45
free printable posters,590,47
frida kahlo pictures,590,35
great interior design,590,64
home artwork,590,58
large art painting,590,16
large canvas wall,590,36
large framed wall pictures for living room,590,32
large painting,590,16
large painting for living room,590,32
large prints for living room,590,24
leopard gecko blue,590,28
line drawing art,590,34
line drawing artwork,590,20
long wall art,590,23
long wall artwork,590,23
marilyn monroe photographs,590,38
meaning of composition in art,590,40
modern abstract art,590,37
modern abstract artworks,590,31
painting movements timeline,590,47
paintings art for sale,590,55
paintings artwork for sale,590,60
pandemonium john martin,590,31
pics of abstract,590,47
poster frame sizes,590,18
print sets,590,11
red art,590,19
red artwork,590,22
rothko prints,590,24
set of 3 prints,590,11
sir peter blake,590,34
square prints,590,16
standard frame sizes uk,590,15
standard picture frame sizes uk,590,15
standard uk photo frame sizes,590,14
timeline of art movement,590,48
turtle art,590,34
visual composition meaning,590,43
wall art canvas bedroom,590,35
wall art sets,590,11
what is a composition in art,590,21
what is art composition,590,42
what is composition art,590,40
what is composition in art,590,28
white and black abstract paintings,590,16
zebra high heels,590,21
abstract art print on canvas,720,32
abstract artwork on canvas,720,25
abstract canvas,720,16
abstract canvas art,720,27
abstract house,720,31
abstract print on canvas,720,31
abstract shape,720,26
acrylic prints,720,40
africa print,720,24
alphabet poster,720,20
amy winehouse poster,720,24
ancient artwork,720,44
angel art,720,28
angel artwork,720,35
angelic art,720,39
animal wall art,720,15
arnold bocklin,720,41
art by el greco,720,43
art calendar 2026,720,19
art deco artists paintings,720,34
art deco wall,720,30
art for navy wall,720,19
art of shadows,720,44
art optical illusion,720,39
art poster printers,720,38
art posters and prints,720,56
art prints online,720,59
art with hand,720,35
artist carl bloch,720,36
artist of fauvism,720,47
artists sea life,720,30
artwork 3,720,23
artwork london,720,35
artwork prints online,720,46
artwork wall,720,41
artwork with hands,720,23
audrey hepburn pictures,720,35
awakening conscience painting,720,41
ballet dance painting,720,29
ballet dancer painting,720,34
bar at the folies berg√®re,720,45
batman art,720,39
bedroom posters,720,20
bedroom wall art ideas,720,39
bellows artist,720,41
berlin wall art,720,37
berlin wall graffiti,720,32
big poster frames,720,34
black oranges,720,23
blade runner movie poster,720,34
blade runner poster,720,31
blue art,720,16
bocklin,720,44
bronzino,720,42
brueghel,720,61
brueghel's,720,44
buy canvas prints,720,56
canvas art photos,720,48
canvas wall art living room,720,38
car art,720,18
carl bloch,720,39
carl larsson,720,39
castle and sun,720,22
castle and sun by paul klee,720,33
castle and the sun paul klee,720,35
cat portrait,720,14
cat posters,720,31
cats poster,720,24
cheap canvas photo prints uk,720,54
cheap photos on canvas uk,720,62
cheap wall art,720,41
cheapest canvas prints uk,720,60
cheetah picture,720,29
china paintings,720,65
christmas posters ideas,720,29
colorful painting,720,27
coloured prints,720,26
cool hippo,720,20
coronation of napoleon painting,720,43
cowboy prints,720,15
cyril power,720,15
dandelion pictures,720,29
diana malivani,720,17
dining room art,720,21
dining room paintings,720,22
dog painting,720,12
donkey picture,720,27
edmund blair leighton,720,37
edmund leighton,720,37
educational posters,720,32
elephant artwork,720,34
et in bike,720,27
extra large canvas,720,32
extra large wall art for living room,720,32
fashion poster,720,17
fashion posters,720,19
fauve artists,720,49
fisherman at sea turner,720,43
fishermen at sea,720,40
fishermen at sea painting,720,45
floral art for wall,720,23
floral art wall,720,16
floral artwork,720,30
floral wall art,720,18
flower art wall,720,27
flower thrower banksy,720,35
food posters,720,25
forest art,720,29
forest artwork,720,18
forth bridge painting,720,40
franz marc artwork,720,38
frits thaulow,720,38
frog art,720,19
fun art,720,35
fun wall art,720,29
funny art,720,18
funny bathroom prints,720,17
gerda wegener,720,45
gerda wegener artist,720,40
gericault,720,43
godfather poster,720,18
gold framed wall art,720,21
gold picture,720,22
goodfellas movie poster,720,25
goodfellas poster,720,22
great britain relief map,720,15
grey wall art,720,17
gustave dor√©,720,41
gym posters,720,25
hands art,720,28
hearts design,720,23
henri rousseau paintings,720,42
horse prints,720,16
how can i hang pictures without nails,720,21
how to hang a painting without nails,720,28
how to hang a picture frame without nails,720,20
how to hang a picture without nails,720,22
how to hang frames without nails,720,20
how to hang photo frame without nail,720,30
how to hang picture frames without nails,720,27
identification posters,720,28
ireland artwork,720,39
it posters,720,35
jaguar print,720,24
jaguar printing,720,16
jaguar prints,720,15
john martin gallery london,720,22
karl blossfeldt images,720,41
karl blossfeldt photography,720,40
kitchen art prints,720,30
koi carp paintings,720,27
koi fish art paintings,720,27
large canvas prints uk,720,40
large framed prints,720,30
large painted canvas art,720,34
lily pictures,720,29
london poster,720,21
luxury living room,720,25
magnetic posters,720,22
marilyn monroe pop art,720,35
matsumoto hoji,720,18
metal prints,720,35
mid century art,720,17
mid century artwork,720,18
minted colors,720,26
minted home,720,26
moon art,720,31
mountain painting,720,27
mountains painting,720,25
movie posters goodfellas,720,25
music print,720,11
music prints,720,11
musical posters,720,21
navy wall art,720,15
office art,720,14
office artwork,720,14
online art posters,720,59
optical illusion art,720,38
optical illusions art,720,44
optical illusions in art,720,40
orange wall art,720,16
original art for sale uk,720,51
original film posters,720,58
painting in black,720,26
paintings in black,720,17
paul klee castle and sun,720,26
paul klee castle in the sun,720,23
peacock art painting,720,27
peacock painting art,720,26
photo framed prints online,720,38
picasso line drawings,720,30
picture for women,720,30
pictures printed and framed online,720,32
pierre joseph redout√©,720,35
pink art,720,19
pink wall,720,40
pink walls,720,27
pop art posters,720,23
portrait of shakespeare,720,44
poster art london,720,32
posters and wall art,720,56
posters for schools,720,16
posters of london england,720,28
posters romeo and juliet,720,25
printable wall art,720,38
prints and posters uk,720,55
prints and wall art,720,58
queen poster,720,19
real art painting,720,39
real art paintings,720,56
romeo and juliet posters,720,22
rossetti paintings,720,42
scotland art,720,42
scotland artwork,720,22
sell artwork online,720,29
shakespeare portrait,720,42
shakespeare portraits,720,45
shakespeare's portrait,720,43
shawshank redemption movie poster,720,24
shawshank redemption poster,720,27
silence of the lambs poster,720,16
skeleton artwork,720,23
sleep of reason,720,39
sorolla paintings,720,41
soviet poster,720,41
spain wall,720,21
spanish wall,720,23
standard frame sizes in cm,720,17
standard photo frame sizes cm,720,19
standard picture frame sizes cm,720,16
stickers for the bathroom,720,24
sunrise photo,720,19
tamara lempicka,720,50
the awakening conscience painting,720,42
the card players,720,40
the coronation of napoleon,720,43
the coronation of napoleon painting,720,43
the godfather poster,720,21
the return of the prodigal son,720,25
the return of the prodigal son painting,720,24
the slave ship by turner,720,46
the sleep of reason produces monsters,720,39
theatre poster,720,28
tiger art,720,23
toilet pictures,720,25
top gun movie poster,720,28
top gun poster,720,19
tree wall art,720,27
triptych art,720,36
trumpet lilies,720,21
twin peaks poster,720,27
typography art,720,16
unusual wall art,720,23
urban artwork,720,14
ussr posters,720,39
van gogh almond blossom,720,47
van gogh prints,720,37
visual illusion art,720,43
visual illusions art,720,51
wall art canvas for living room,720,31
wall art decor flower,720,28
wall art flowers,720,20
wall art ideas for bedroom,720,39
wall art prints uk,720,61
wall art with trees,720,23
wall decals uk,720,25
wallpaper stickers uk,720,36
water paintings images,720,28
watercolor images,720,34
watercolour canvas,720,21
watercolour pictures,720,36
wave picture,720,33
white wall printing,720,41
whitesplash,720,30
william holman hunt awakening conscience,720,41
william morris pimpernel,720,13
window art,720,27
wolf art,720,24
xmas poster ideas,720,32
abstract art landscapes,880,23
abstract pictures,880,37
acrylic photo prints,880,37
akira poster,880,22
anatomical art,880,43
anatomy art,880,34
anatomy artwork,880,33
anatomy lesson painting,880,40
anatomy lesson rembrandt van rijn,880,35
anna atkins cyanotypes,880,42
art deco art,880,38
art era,880,48
art eras,880,45
art for kitchen,880,18
art images,880,70
art online,880,69
artmexico,880,26
artwork background,880,34
artwork commission,880,33
artwork for a kitchen,880,18
artwork for fall,880,20
artwork of famous artists,880,39
artwork online,880,67
artwork originals for sale,880,51
artwork prints on canvas,880,35
artwork wall ideas,880,35
artwork with birds,880,21
astronaut picture,880,44
autumn art,880,34
autumn arts,880,25
autumn artwork,880,26
autumnal art,880,19
beach art,880,23
beach artwork,880,20
beatles band posters,880,28
beatles posters,880,20
beer poster,880,30
bicycle paintings,880,24
big canvas,880,33
big living room pictures,880,33
big pictures for wall,880,23
bird art,880,37
black and white canvas,880,15
black and white floral,880,19
black and white on canvas,880,17
black and white photo prints,880,30
bonnard,880,44
brown wall art,880,16
bruegel the triumph of death,880,39
buddha art,880,36
buddha picture,880,29
buddhism art,880,43
buddhist art,880,45
buddhist drawings,880,27
buy artwork,880,67
buy artworks,880,69
c f a voysey,880,24
canvas art prints,880,39
canvas art world map,880,33
canvas for living room,880,25
canvas living room,880,25
canvas pictures for living room,880,29
canvas wall art uk,880,42
canvases for living room,880,19
cfa voysey,880,24
charles voysey,880,25
cheap canvas,880,42
cheap poster printing,880,34
cheap posters,880,39
cherry blossom painting,880,25
christmas film poster,880,16
christmas film posters,880,17
christmas films posters,880,16
christmas movie poster,880,15
christmas movie posters,880,20
christmas movies poster,880,19
christmas movies posters,880,16
classic film poster,880,50
classic movie posters,880,48
coffee picture,880,28
coffee poster,880,19
colorful elephant,880,25
colourful elephant,880,23
colourful elephants,880,28
colourful painting,880,16
concert posters,880,25
constable art,880,50
cool wall art,880,36
courbet origin of the world painting,880,44
dante and virgil,880,33
dining room wall decor,880,23
dinosaur posters,880,39
diverse design,880,23
doctor gachet painting,880,41
dog artwork,880,20
dogs art,880,21
dogs artwork,880,19
dr gachet painting,880,45
dr gachet paintings,880,45
dr gachet portrait,880,42
easter day poster,880,22
easter poster,880,20
easter posters,880,22
example of posters,880,42
examples of posters,880,37
fish art,880,22
flamingo prints,880,25
flower thrower,880,24
football art,880,32
framed prints uk,880,43
framed world map,880,20
french posters,880,40
fruit wallpaper,880,14
funky wall art,880,17
gold walls,880,22
gorilla face,880,35
graphic artworks,880,24
gustav klimt posters,880,17
gustav klimt prints,880,35
hallway prints,880,15
hasui kawase,880,39
hattifatteners,880,39
hilma af klint art,880,43
hilma af klint artwork,880,46
hilma af klint artworks,880,46
holman hunt,880,39
horror posters,880,18
house art,880,32
hylas and the nymphs,880,34
image of jesus,880,37
isle of the dead,880,52
jan matejko,880,40
japan art print,880,20
japan paintings,880,41
japanese art prints,880,30
japanese painting,880,42
japanese posters,880,29
jesus art,880,43
jesus artwork,880,40
john bauer,880,39
john bauer artist,880,35
john bauer illustrator,880,41
john duncan,880,45
john singer sargent lady agnew,880,45
john singer sargent lady agnew of lochnaw,880,43
john william waterhouse artwork,880,42
john william waterhouse paintings,880,42
kawase hasui,880,38
kitchen prints for wall,880,30
kitchen wall art ideas,880,33
lady agnew of lochnaw,880,37
lady agnew of lochnaw painting,880,39
lady agnew painting,880,41
large abstract wall art,880,31
large art prints,880,35
large artwork prints,880,35
large frame wall art,880,25
large framed wall art,880,27
large framed wall paintings,880,20
large picture for living room,880,37
large pictures for living room,880,37
large pictures for walls,880,34
large poster,880,27
large posters,880,29
laundry signs,880,25
living room canvas art,880,30
living room wall art prints,880,20
magnolia walls,880,22
map art,880,30
maps artwork,880,29
margaret macdonald artist,880,41
margaret macdonald mackintosh,880,41
margaret mackintosh,880,38
matejko,880,37
matisse snail,880,40
mexican art,880,38
milky way picture,880,30
modern art print,880,39
modern printable art,880,31
moomin stinky,880,23
moomins stinky,880,35
music festival prints,880,21
music tour poster,880,24
natural wall art,880,22
nursery art,880,12
office artwork for walls,880,13
office wall art,880,14
order drawing,880,15
order drawings,880,20
origin of world painting,880,44
original art for sale,880,36
original art paintings for sale,880,40
original artwork for sale,880,40
painted koi fish,880,28
painting lady agnew,880,30
painting of koi fish,880,28
painting the anatomy lesson,880,49
paintings by william turner,880,49
paintings for kitchen,880,19
paintings for kitchens,880,31
paintings japanese art,880,41
paintings prints on canvas,880,36
pandemonium painting,880,33
paul c√©zanne artwork,880,51
paul gauguin art,880,53
paul gauguin artwork,880,53
paula modersohn becker,880,39
peder monsted,880,37
pegasus art shop,880,21
picture canvas,880,57
picture mount everest,880,38
picture of christ,880,33
pictures and art for walls,880,51
pictures for stairs,880,26
pictures wall art,880,35
poppy art,880,30
poppy artwork,880,25
portrait of doctor gachet,880,47
portrait of dr gachet,880,47
portrait of dr gachet painting,880,47
poster about france,880,18
poster about sports,880,20
poster for easter,880,19
posters of japan,880,35
print giant posters,880,33
print image on canvas,880,56
print picture on canvas,880,63
printing giant posters,880,30
prints japanese art,880,14
redons,880,39
rembrandt prodigal son,880,39
rembrandt prodigal son painting,880,33
retro posters,880,26
retro prints,880,34
retro style posters,880,33
return of the prodigal son rembrandt,880,36
sargent lady agnew,880,39
scotland drawings,880,26
scotland's art,880,42
sea life artists,880,25
silver coloured,880,23
singer sargent lady agnew,880,47
snail matisse,880,33
sports posters,880,18
stag picture,880,23
stick on wall art,880,35
still life art,880,37
still life artworks,880,36
stinky moomin,880,37
stone art,880,29
structural artwork,880,20
structural artworks,880,28
structure art,880,28
tamara de lempicka art,880,50
tamara de lempicka artwork,880,47
tattoo art,880,21
tattoo artwork,880,15
the anatomy lesson,880,43
the anatomy lesson painting,880,47
the isle of the dead,880,41
the swan pictures,880,25
the triumph of death,880,28
the triumph of death painting,880,34
the ugly duckling pottery painting,880,28
three pieces wall art,880,21
toilet art,880,20
toilet artwork,880,20
toulouse lautrec paintings,880,37
tour posters,880,17
triumph of death,880,30
tulip picture,880,23
tulips picture,880,32
turner art,880,66
turner artwork,880,61
vase with fifteen sunflowers,880,43
voysey,880,32
voysey architect,880,22
voysey's,880,17
wall art decal,880,30
wall art ideas,880,31
wall art in three pieces,880,23
wall art nature,880,20
wall art stickers,880,37
wall decor dining area,880,26
wall prints for living room,880,34
wall vinyls,880,23
water art,880,20
white canvas,880,34
william adolphe bouguereau,880,44
william turner art,880,46
william turner artworks,880,62
william turner paintings,880,46
work office wall art,880,14
world map art framed,880,31
world map canvas,880,34
abstract art portrait,1000,29
abstract paintings ideas,1000,41
abstract portraits,1000,26
alexandre cabanel,1000,36
almond blossom van gogh,1000,48
almond blossoms painting,1000,44
alphonse mucha artwork,1000,44
an experiment on a bird in an air pump,1000,43
an experiment on a bird in the air pump,1000,45
anders zorn,1000,40
art by henri matisse,1000,40
art deco pictures,1000,18
art from thailand,1000,24
art piece,1000,66
art pieces,1000,68
art print and frame,1000,39
art water painting,1000,42
art websites,1000,74
artemisia gentileschi artwork,1000,40
artists water paintings,1000,24
artists watercolor,1000,37
artwork gift,1000,40
artwork henri matisse,1000,42
artwork with form,1000,29
asia painting,1000,36
asian painting,1000,36
audubon birds of america,1000,35
bathers at asni√®res,1000,50
bathroom stickers for wall,1000,27
bathroom wall stickers,1000,27
beach art paintings,1000,34
beach painting,1000,25
beckmann max,1000,43
bed room wall decoration ideas,1000,35
bedroom artwork,1000,17
beige wall art,1000,21
best art shows in london now,1000,49
best canvas prints uk,1000,43
black framed picture,1000,22
black framed pictures,1000,22
black framed wall art,1000,21
botanical artwork,1000,28
boxing match poster,1000,32
boxing posters,1000,33
bridgeman images,1000,40
broadway boogie woogie piet mondrian,1000,43
buddhism image,1000,29
buddhist images,1000,37
butterfly art,1000,26
canvas art prints custom,1000,47
canvas prints for wall,1000,42
caravaggio the supper at emmaus,1000,47
cat painting,1000,26
cat paintings,1000,36
cats gallery,1000,25
champagne painting,1000,24
childrens paintings,1000,26
claude monet haystacks,1000,39
claude monet haystacks series,1000,45
cocktail pictures,1000,32
cologne city map,1000,21
cologne map europe,1000,31
cologne map germany,1000,27
cologne maps,1000,19
cologne on map,1000,24
colourful wall art,1000,12
composition of red blue and yellow,1000,45
composition viii,1000,33
composition with red blue and yellow,1000,44
cool prints,1000,29
deftones poster,1000,27
dining room wall art,1000,15
dog painting playing poker,1000,52
dog poker painting,1000,55
dogs gambling painting,1000,45
dogs playing poker art,1000,52
dogs playing poker painting,1000,52
door stickers,1000,16
edinburgh artwork,1000,33
ensor,1000,42
evelyn de morgan,1000,40
extra large wall art,1000,16
extra large wall painting,1000,16
fab art,1000,27
floral print,1000,20
football wall stickers,1000,20
forms art,1000,41
frame sizes uk,1000,15
framed art prints,1000,37
framed canvas wall art,1000,31
framed movie prints,1000,23
framed print artwork,1000,36
francis picabia,1000,46
franz stuck,1000,37
franz von stuck,1000,38
frida kahlo henry ford hospital,1000,31
frida kahlo portrait,1000,45
frida kahlo portraits,1000,41
frida kahlo the flying bed,1000,32
frida kahlo wounded deer,1000,30
funky pictures,1000,21
gold wall ornaments,1000,23
green art,1000,20
green picture,1000,24
gustav klimt tree of life,1000,34
haystack claude monet,1000,36
haystacks claude monet,1000,43
haystacks monet,1000,43
haystacks monet series,1000,44
haystacks series,1000,42
henri matisse paintings,1000,47
henri matisse work,1000,46
henry ford hospital frida,1000,32
henry ford hospital frida kahlo,1000,31
henry raeburn the skating minister,1000,29
henry scott tuke,1000,35
hiroshi yoshida,1000,30
horse painting,1000,20
horses in art,1000,27
hunters in the snow,1000,45
hunters in the snow bruegel,1000,45
hunters in the snow painting,1000,47
image art deco,1000,40
image on a canvas,1000,64
john james audubon birds of america,1000,30
john lavery,1000,39
joseph wright,1000,35
kandinsky composition 8,1000,39
kitchen stickers wall decor,1000,27
kitchen wall decorating,1000,30
kitchen wall decorations ideas,1000,31
kitchen wall sticker,1000,30
large art prints on canvas,1000,33
large canvas art,1000,35
large canvas artwork,1000,38
large picture,1000,46
large pictures,1000,38
large print canvas art,1000,37
lavery artist,1000,38
leaves artwork,1000,27
leaves print,1000,35
london art,1000,63
london artwork,1000,34
louis wain art,1000,42
louis wain artwork,1000,37
magnet wall,1000,17
map cologne,1000,25
mary cassatt artworks,1000,44
mary cassatt paintings,1000,44
massive canvas painting,1000,38
max beckmann,1000,48
meeting on the turret stairs,1000,27
metal artwork,1000,17
metal wall art for living room,1000,19
mondrian broadway boogie woogie,1000,45
monet haystack series,1000,39
monet haystacks,1000,41
monet haystacks series,1000,38
monet woman with parasol,1000,45
monkey selfie,1000,41
movie posters framed,1000,26
murals and paintings,1000,31
napoleon painting,1000,45
napoleon paintings,1000,44
napoleonic paintings,1000,37
nature painting,1000,28
nighthawk hopper,1000,36
nighthawks hopper painting,1000,38
northern lights pictures,1000,31
nursery room wall decor,1000,19
original art,1000,40
original artworks,1000,33
original paintings for sale,1000,38
painting by mary cassatt,1000,44
painting of dogs playing cards,1000,52
painting of dogs playing poker,1000,55
painting with dogs playing cards,1000,53
paintings for bedroom,1000,34
paintings napoleon,1000,31
paintings of dogs playing poker,1000,55
paintings of napoleon,1000,45
photo canvas prints uk,1000,62
photo monkey,1000,27
photo sizes in cm,1000,21
picabia artist,1000,44
picture of donkey,1000,28
picture on canvas uk,1000,62
picture painting,1000,35
picture sizes in cm,1000,23
pictures for science,1000,46
pink picture,1000,22
pink pictures,1000,21
poker dogs painting,1000,54
pop art images,1000,39
portrait frida kahlo,1000,66
portrait of frida kahlo,1000,39
poster hut,1000,12
poster store uk,1000,54
posters cute,1000,26
posters information,1000,34
posters with information,1000,28
print pictures square,1000,32
printed weird,1000,32
prints of highland cattle,1000,11
purple pictures,1000,21
quirky wall art,1000,22
rabbit picture,1000,43
religious art,1000,37
robert indiana,1000,38
schiele,1000,43
seagull painting,1000,27
seagulls painting,1000,28
seaside pictures,1000,22
sepia photo,1000,33
sepia photograph,1000,31
sepia photos,1000,34
silver art wall,1000,21
silver wall art,1000,21
sir john lavery,1000,36
sir john lavery artist,1000,39
sketch art,1000,30
space poster,1000,24
space posters,1000,21
square photo prints,1000,36
staircase wall art,1000,23
stairway wall art,1000,24
sticker for bathroom wall,1000,36
supper at emmaus,1000,46
thai art,1000,37
thailand artwork,1000,23
thailand artworks,1000,27
the beatles pictures,1000,27
the calling of st matthew caravaggio,1000,36
the cornfield,1000,45
the flying bed frida,1000,27
the hunters in the snow,1000,45
the hunters in the snow painting,1000,45
the little deer painting,1000,36
the shining poster,1000,42
the wave painting,1000,53
the wounded deer,1000,40
titanic poster,1000,31
tree art,1000,32
tree of life art wall,1000,22
tree of life by gustav klimt,1000,34
tree of life gustav klimt,1000,34
trees artwork,1000,34
turner painting,1000,62
utagawa hiroshige,1000,48
vintage art,1000,21
vintage artwork,1000,35
vintage wall art,1000,33
vogue magazine poster,1000,24
vogue posters,1000,22
wall art canvas,1000,37
wall art canvas painting,1000,38
wall art canvas with frame,1000,32
wall art for a dining room,1000,15
wall art for dining area,1000,19
wall art for kitchen ideas,1000,33
wall art for stair wall,1000,26
wall art for stairwell,1000,24
wall art stickers bathroom,1000,33
wall art stickers for the kitchen,1000,33
wall decals for the kitchen,1000,25
wall decals in bathroom,1000,27
wall decor stickers for bathroom,1000,26
wall hanging for nursery,1000,19
wallpaper stickers for bathroom,1000,27
walter crane,1000,41
walter crane artist,1000,39
walter crane illustrator,1000,37
what is abstract art,1000,46
what is an abstract painting,1000,47
white wall art,1000,23
woman with a parasol,1000,34
woman with a parasol painting,1000,38
wood art,1000,12
wood artwork,1000,17
world map picture,1000,43
wuthering heights poster,1000,22
zorn anders,1000,42
abstract landscape art,1300,24
affordable art,1300,42
affordable artwork,1300,32
alma tadema,1300,49
amy winehouse mural,1300,27
animal art,1300,19
animal artwork,1300,28
art and fantasy,1300,37
art and food,1300,39
art deco poster,1300,37
art deco posters,1300,37
art for bedroom,1300,15
art greece,1300,39
art of bob dylan,1300,33
art of halloween,1300,37
art painting and,1300,43
art pattern,1300,27
art patterns,1300,26
art print shop,1300,62
art prints vintage,1300,25
artwork for bedroom,1300,24
artwork for bedroom wall,1300,18
artwork for halloween,1300,32
artworks with pattern,1300,30
athena posters,1300,28
audubon,1300,47
avenue de camo√´ns,1300,29
avenue de camoens,1300,29
bauhaus prints,1300,14
bedroom wall prints,1300,20
best art exhibitions in london now,1300,63
black and white horse,1300,21
black and white horses,1300,28
black swan artwork,1300,18
blue wall art,1300,15
bob dylan art,1300,38
botticelli art,1300,36
botticelli artwork,1300,42
botticelli's paintings,1300,40
breaking bad poster,1300,26
bridge over a pond of water lilies,1300,40
bridgeman,1300,47
bruegel paintings,1300,45
butterfly paintings,1300,20
canvas and framed prints,1300,28
canvas art prints online,1300,37
canvas pictures with frame,1300,28
canvas prints online,1300,61
canvas sizes,1300,17
caspar david friedrich artwork,1300,49
caspar david friedrich paintings,1300,50
cats printers,1300,24
christmas prints,1300,13
coffee print,1300,12
colour frog,1300,23
colourful art,1300,11
colourful artwork,1300,12
colourful tulips,1300,20
contemporary art gallery london,1300,62
custom canvas art,1300,55
cute posters,1300,26
degas paintings,1300,44
dining area wall art,1300,18
dog prints,1300,14
drawing art,1300,60
drawings #art,1300,44
dream of the fisherman's wife,1300,42
edgar degas artwork,1300,47
edgar degas paintings,1300,44
edmund dulac,1300,36
el lissitzky,1300,45
ensor artist,1300,43
ensor james,1300,46
eyes art,1300,38
eyes artwork,1300,25
fantasy art,1300,37
fantasy artwork,1300,46
film posters retro,1300,52
food art,1300,42
food pop art,1300,19
framed canvas photo print,1300,62
framed canvas photo prints,1300,43
framed canvas prints,1300,35
france map lyon,1300,24
francisco goya artwork,1300,40
francisco goya paintings,1300,40
frida kahlo necklace of thorns,1300,28
frida kahlo self portrait with hummingbird,1300,24
frida kahlo self portrait with thorn necklace,1300,24
frida kahlo self portrait with thorn necklace and hummingbird,1300,18
frida kahlo thorn necklace and hummingbird,1300,24
geometric artwork,1300,30
giraffe pictures,1300,32
giraffe print,1300,18
goya saturn devouring his son,1300,50
goya saturn eating his son,1300,49
goya the dog,1300,33
halloween artwork,1300,34
halloween in art,1300,37
hallway art,1300,24
hammershoi,1300,45
hang a frame without nails,1300,23
hang art without nails,1300,26
hang artwork without nails,1300,27
hanging a painting without nails,1300,28
hanging art without nails,1300,26
hanging paintings without nails,1300,23
hanging photo frame without nails,1300,31
hanging pictures no nails,1300,26
hanging pictures without nails,1300,22
henri rousseau artwork,1300,38
highland cow art,1300,15
highland cow artwork,1300,14
hokusai the dream of the fisherman's wife,1300,36
horse white and black,1300,19
ivan shishkin,1300,29
ivan shishkin artist,1300,30
james ensor,1300,47
japanese prints,1300,27
jesus christ picture,1300,33
jesus photo,1300,28
jmw turner paintings,1300,41
john martin paintings,1300,41
keep calm and keep calm,1300,41
kill bill poster,1300,23
korova milk,1300,28
landscape print,1300,15
landscape prints,1300,13
landscape wall art,1300,34
large prints for walls,1300,49
large wall prints,1300,23
lawrence alma tadema,1300,42
leopard pictures,1300,34
living room wall decor,1300,29
lord of the rings poster,1300,20
lounge wall art,1300,25
lyon map of france,1300,24
lyon on a map,1300,21
manga art,1300,42
map lyon,1300,21
map lyon france,1300,20
map of lyon france,1300,19
matisse art,1300,46
modigliani paintings,1300,42
monet painted,1300,49
monet painting,1300,66
more espresso less depresso,1300,13
motivational pictures,1300,32
movie poster old,1300,61
movie posters old,1300,41
music art,1300,18
music artwork,1300,24
musician art,1300,13
not my monkey,1300,26
painting and artwork,1300,41
painting art,1300,43
painting artwork,1300,31
paintings abstract art landscape,1300,19
paintings and artwork,1300,58
paintings by paul nash,1300,31
paintings for sale,1300,49
paintings for the bedroom,1300,34
paintings frames online,1300,58
paintings of botticelli,1300,38
pattern art,1300,24
pattern artwork,1300,39
patterns art,1300,24
paul cezanne artworks,1300,51
paul cezanne paintings,1300,52
paul nash artwork,1300,39
paul nash paintings,1300,32
personal canvas prints,1300,62
photo hanging without nails,1300,30
photo posters,1300,33
photographs posters,1300,33
photos on canvas online,1300,62
picture for a kitchen,1300,20
picture for kitchen,1300,22
picture frame hanging without nails,1300,26
picture of jesus christ,1300,34
pictures for a kitchen,1300,17
pictures for bathroom,1300,16
pictures for kitchen,1300,23
pimpernel,1300,15
portrait art,1300,40
portrait artwork,1300,39
poster and prints online,1300,52
poster art,1300,44
poster artwork,1300,56
poster print uk,1300,40
poster prints uk,1300,58
poster shop near me,1300,38
poster stores near me,1300,39
posterlounge uk,1300,26
posters and prints uk,1300,45
posters artwork,1300,56
posters of photos,1300,35
posters rock,1300,35
posters store near me,1300,30
print posters online,1300,38
prints for bedroom wall,1300,15
red wedge,1300,46
rembrandt art,1300,52
rembrandt artwork,1300,41
retro travel posters,1300,31
rock music poster,1300,38
rock posters,1300,38
rockposter,1300,36
rocky poster,1300,26
rocky posters,1300,26
rubens painting,1300,44
saturn devouring his son by goya,1300,50
saturn devouring his son goya,1300,51
saturn eating his son goya,1300,50
scarface poster,1300,40
sea picture,1300,38
sea pictures,1300,46
seagull pictures,1300,28
self portrait with thorn necklace and hummingbird,1300,18
shishkin artist,1300,30
sitting room wall art,1300,32
still life artists,1300,35
stranger things art,1300,37
swan picture,1300,30
the dog goya,1300,35
the dog painting,1300,27
the dog painting goya,1300,44
the dream of the fisherman's wife,1300,35
the meeting on the turret stairs,1300,35
the strawberry thief,1300,29
thorn necklace and hummingbird,1300,24
vintage cherry blossom,1300,24
vintage cinema posters,1300,59
vintage film posters,1300,59
vintage movie posters,1300,59
vintage prints,1300,28
vintage travel poster,1300,17
vintage travel posters,1300,30
vintage travel posters art,1300,31
wall animals,1300,15
wall art for kitchen,1300,31
wall art living room,1300,32
wall art sitting room,1300,31
wall painting landscape,1300,35
waterfall picture,1300,28
wave painting,1300,49
whale artwork,1300,25
woman with parasol,1300,38
world map for wall,1300,24
world map print,1300,16
world wall map,1300,16
xmas prints,1300,15
abstract art printable,1600,28
abstract art prints,1600,32
abstract painting art print,1600,13
ad posters,1600,33
advert posters,1600,38
advertisement poster,1600,31
advertisement posters,1600,40
amedeo modigliani,1600,42
and keep calm,1600,48
art canvas,1600,33
art composition,1600,37
art compositions,1600,44
art design,1600,53
art designs,1600,40
art painting,1600,43
art pops,1600,45
art sushi,1600,22
artdesign,1600,23
artistic composition,1600,36
artwork canvas,1600,31
artwork composition,1600,38
artwork for gardens,1600,35
artwork paintings,1600,55
artwork with frame,1600,35
at the movies,1600,41
banksy artwork rat,1600,18
banksy rat art,1600,16
bauhaus poster,1600,19
bauhaus posters,1600,17
bear picture,1600,33
bedroom art,1600,15
bird picture,1600,35
black and white art,1600,21
black and white artwork,1600,20
boucher,1600,40
boucher's,1600,40
bunny picture,1600,38
carnation lily lily rose,1600,45
castle artwork,1600,40
cat art,1600,21
cat artist louis wain,1600,46
cat artwork,1600,18
childrens wall art,1600,16
china art,1600,40
chinese art,1600,46
chinese artwork,1600,39
christmas framed pictures,1600,14
coffee with art,1600,17
composition art,1600,39
composition artwork,1600,38
composition in art,1600,41
composition in visual art,1600,43
composition of art,1600,40
compositions in art,1600,45
countryside artist,1600,13
countryside artists,1600,19
cow picture,1600,18
cow pictures,1600,24
deer prints,1600,17
degas ballet dancers,1600,44
delaunay artist,1600,43
dragon art,1600,26
dragon artwork,1600,28
durer,1600,47
fauvism art,1600,47
fight club movie poster,1600,26
fight club poster,1600,27
film posters uk,1600,48
flower print,1600,21
flower prints,1600,19
flowery meadow,1600,31
forever scotland,1600,32
fuseli,1600,46
gorilla pictures,1600,30
grantwood,1600,47
henri matisse snail,1600,35
henri matisse the snail,1600,36
henry fuseli,1600,41
hokusai artwork,1600,43
hollywood art,1600,20
home prints,1600,40
indian art,1600,27
ivan aivazovsky,1600,38
japanese cherry blossoms tree,1600,32
jesus painting,1600,38
john singer sargent carnation lily lily rose,1600,45
jungle pictures,1600,28
kandinsky paintings,1600,54
karl blossfeldt art,1600,40
karl blossfeldt artwork,1600,27
karl blossfeldt artworks,1600,41
kitchen wall photos,1600,31
lady jane grey painting,1600,33
landscape portraits,1600,20
louis wain cats,1600,42
luncheon of the boating party,1600,46
map world poster,1600,24
masters artwork,1600,29
millais,1600,49
modern art wall decor,1600,43
modern wall art,1600,33
motivation inspirational posters,1600,28
motivational posters,1600,47
movie poster fight club,1600,33
movie posters uk,1600,48
music album posters,1600,40
nato alphabet uk,1600,35
owl photo,1600,30
owl picture,1600,34
paintings and frames,1600,41
picture wall,1600,43
picture window pictures,1600,27
pictures for the bedroom wall,1600,22
pink wall art,1600,17
poster shop,1600,62
posters for bedroom,1600,17
print art,1600,39
print artwork,1600,33
print canvases,1600,61
print on canvas,1600,63
printable abstract art,1600,28
prints art,1600,62
r delaunay,1600,42
raoul dufy,1600,36
raoul dufy artist,1600,36
renoir the boating party,1600,45
robert delaunay,1600,50
robert delaunay artist,1600,42
rock arts,1600,46
rock artwork,1600,41
rocky artwork,1600,20
roman artwork,1600,48
samuel palmer,1600,43
scream poster,1600,28
scream posters,1600,25
skull art,1600,34
skull artwork,1600,20
sorolla,1600,44
space art,1600,23
space artwork,1600,26
teenage wallpaper,1600,16
the fall of angels painting,1600,31
the fallen angel painting,1600,44
the groke,1600,26
the snail henri matisse,1600,32
the snail matisse,1600,32
the southbank art company,1600,22
trainspotting poster,1600,22
travel poster,1600,14
tree picture,1600,28
uk cinema posters,1600,56
uk movie posters,1600,47
van gogh art,1600,46
vilhelm hammersh√∏i,1600,45
wall art and decorations,1600,36
wall art decor,1600,24
wall art for hallway,1600,21
wall decal,1600,33
wall decals,1600,30
wall picture and frame,1600,61
wall picture kitchen,1600,36
wall stickers for wall decor,1600,27
william blake paintings,1600,48
world map poster,1600,19
world map prints,1600,16
albrecht d√ºrer,1900,48
arcimboldo,1900,32
art and posters,1900,52
art art for sale,1900,64
art deco designs,1900,45
art for sale,1900,64
art painting canvas,1900,36
art posters,1900,46
art romantic,1900,41
artistic posters,1900,47
artwork expressionism,1900,43
artwork for sale,1900,65
artwork poster,1900,44
artwork stores,1900,66
artwork with pencil,1900,20
artworks for sale,1900,54
band posters,1900,30
banksy kissing coppers,1900,20
bedroom pictures,1900,23
bedroom pictures for walls,1900,24
bedroom wall accessories,1900,41
bedroom wall decor,1900,31
bedroom wall decor stickers,1900,17
bedroom wall pictures,1900,21
best film posters,1900,36
best movie posters,1900,45
big wall art for living room,1900,35
black and white photography,1900,28
black on white photography,1900,43
black white animal,1900,26
burne jones,1900,42
burne jones artist,1900,40
c√©zanne painting,1900,61
c√©zanne paintings,1900,52
canvases uk,1900,36
castle art,1900,43
cezanne paintings,1900,52
charles rennie mackintosh art,1900,41
charles rennie mackintosh artworks,1900,40
cool movie posters,1900,68
cool posters,1900,39
decal for bedroom wall,1900,17
edward burne jones,1900,38
edward burne jones artist,1900,40
ernst haeckel art,1900,38
ernst haeckel artwork,1900,31
exhibition picture,1900,48
exhibition pictures,1900,73
fauve art,1900,45
fauves art,1900,42
fauves artwork,1900,42
fauvism artwork,1900,42
fauvism artworks,1900,42
fauvism painting,1900,44
fauvism paintings,1900,44
fine art and prints,1900,59
fine art prints,1900,61
fox picture,1900,29
frida kahlo the two fridas,1900,32
frida kahlo two fridas,1900,40
halloween poster,1900,23
halloween posters,1900,23
hieronymus bosch artwork,1900,55
hieronymus bosch paintings,1900,63
highland cattle paintings,1900,13
house paintings,1900,36
invidiosa,1900,32
joaquin sorolla,1900,43
john james audubon,1900,45
kissing coppers banksy,1900,20
kissing cops banksy,1900,25
large art,1900,16
large artwork,1900,26
large paintings for living room wall,1900,30
large photographic prints,1900,30
large wall art for living room,1900,32
luncheon of the boating party renoir,1900,45
michelangelo artwork,1900,56
mosaic art,1900,41
mosaic artwork,1900,34
music group posters,1900,26
nature art,1900,38
neptune picture,1900,31
nursery prints,1900,12
paintings in living room,1900,25
paintings large,1900,23
photo frames standard sizes,1900,16
picture lighthouse,1900,29
pictures for an exhibition,1900,37
pictures with penguins,1900,46
piet mondrian art,1900,43
piet mondrian artwork,1900,42
piet mondrian paintings,1900,51
polar bear picture,1900,32
posters and artwork,1900,56
prague cz map,1900,49
prints for bedroom,1900,16
rachel ruysch,1900,41
radiohead poster,1900,22
range wall art,1900,40
standard frame sizes,1900,15
standard picture frame sizes,1900,16
still life art painting,1900,33
still life art paintings,1900,38
still life painting,1900,35
sunflowers painting,1900,51
the art lover,1900,33
the art lovers,1900,42
the two fridas,1900,26
two fridas painting,1900,31
vintage posters,1900,30
wall art and decor,1900,32
wall art living room large,1900,31
wall art stickers bedroom,1900,22
wall pictures for bedroom,1900,33
wallpaper sticker bedroom,1900,22
wallpaper stickers for bedroom,1900,27
white and black animal,1900,20
white black animal,1900,20
william blake art,1900,45
william blake artwork,1900,50
william morris designs,1900,37
wood wall art decor,1900,20
wood wall decor,1900,26
world map wall art,1900,17
affordable canvas prints,2400,57
alien film poster,2400,41
alien movie posters,2400,29
alien poster,2400,37
andre derain,2400,41
andre derain artist,2400,31
anime posters,2400,23
anna ancher,2400,34
art and christmas,2400,39
art bars,2400,40
art by klimt,2400,45
art manet,2400,44
artwork for christmas,2400,16
austrian paintings,2400,39
bedroom decor wall,2400,38
bedroom wall art stickers,2400,14
bedroom wall stickers,2400,26
berlin in germany map,2400,42
berlin map,2400,42
berlin map europe,2400,41
berlin map of germany,2400,47
berlin on a map,2400,36
black and white photo,2400,33
black and white wall art,2400,27
black wall art,2400,21
bosch painting,2400,58
bosch paintings,2400,56
botanical prints,2400,20
botany prints,2400,34
bruegel fall of icarus,2400,45
bruegel landscape with the fall of icarus,2400,40
canvas photo cheap,2400,63
canvas pictures cheap,2400,61
canvas prints big,2400,43
canvases on wall,2400,34
cats in the wall,2400,54
cheap canvas pictures,2400,62
cheap canvas prints,2400,61
cheapest canvas printing,2400,61
christmas art,2400,41
christmas artwork,2400,22
claude monet impression sunrise,2400,42
colour in gold,2400,36
cool art,2400,34
cool artwork,2400,34
custom poster,2400,36
custom posters,2400,37
customizable posters,2400,40
decorative wall hangings for living room,2400,36
derain,2400,41
dove for peace,2400,38
edvard munch art,2400,44
edvard munch artwork,2400,43
edvard munch paintings,2400,51
electronic paintings,2400,53
equal earth map,2400,46
equal earth maps,2400,42
fall of icarus bruegel,2400,39
fall of icarus painting,2400,39
fall of icarus paintings,2400,34
famous movie posters,2400,39
flowers art,2400,27
flowers artwork,2400,30
framed art,2400,36
framed pictures,2400,30
george stubbs,2400,43
green wall art,2400,15
gustav klimt artwork,2400,46
haeckel,2400,33
homer artist,2400,56
icarus falling painting,2400,34
iconic film posters,2400,32
iconic movie posters,2400,37
impression sunrise,2400,44
john constable artworks,2400,54
john constable paintings,2400,54
john singer sargent artworks,2400,42
john singer sargent paintings,2400,44
klimt paintings,2400,46
landscape art,2400,40
landscape artwork,2400,29
landscape artworks,2400,34
landscape of the fall of icarus,2400,45
landscape of the fall of icarus painting,2400,45
landscape with the fall of icarus,2400,43
landscape with the fall of icarus painting,2400,45
large canvas pictures,2400,37
large canvas prints,2400,45
large prints,2400,33
largest canvas print,2400,35
little greene paint colours,2400,37
living room wall art,2400,36
lovers artwork,2400,21
manet painting,2400,44
manet paintings,2400,44
mark rothko paintings,2400,64
matisse poster print,2400,17
matisse print,2400,17
matisse printmaking,2400,21
matisse prints,2400,16
mid century,2400,37
mondrian painting,2400,52
monet impression sunrise,2400,42
mucha,2400,40
orange colored paintings,2400,21
owl from winnie the pooh,2400,29
owl winnie the pooh,2400,28
paintings of manet,2400,43
peace doves,2400,26
peaceful dove,2400,43
photography wall,2400,39
photos on canvas,2400,63
pics to canvas cheap,2400,59
picture and art,2400,63
picture for wall living room,2400,34
pictures for bedrooms,2400,23
pictures for the bedroom,2400,20
pink piglet,2400,25
pooh owl,2400,28
pop arts,2400,41
poster store,2400,66
print foam board,2400,34
print for nursery,2400,10
print matisse,2400,16
print onto foam board,2400,29
prints nursery,2400,10
renoir paintings,2400,43
rothko painter,2400,52
rothko paintings,2400,55
sheep pictures,2400,30
shop for posters,2400,62
stairwells,2400,30
sunflower painting,2400,50
the fall of icarus bruegel,2400,31
the fall of icarus painting,2400,46
the owl from winnie the pooh,2400,29
the swing,2400,52
tiger print,2400,18
tiger prints,2400,26
triptychs meaning,2400,47
wall art decor living room,2400,33
wall art greenery,2400,20
wall art pictures living room,2400,30
wall art set of three,2400,12
wall art uk,2400,48
wall canvas,2400,36
wall decor living room,2400,30
wall decoration living room,2400,36
wall hanging living room,2400,31
wall ornaments for bedroom,2400,36
wall pictures for living room,2400,33
wassily kandinsky art,2400,55
whistlejacket,2400,39
winnie pooh owl,2400,26
winnie the pooh owl,2400,28
winslow homer,2400,46
xmas art,2400,38
xmas artwork,2400,24
abstract wall art,2900,26
african art,2900,56
ancient egyptian artwork,2900,48
art by gustav klimt,2900,46
artwork by gustav klimt,2900,44
artwork by vincent van gogh,2900,50
artwork sets,2900,11
automobile posters,2900,32
automotive poster,2900,21
baroque artwork,2900,42
baroque in art,2900,58
bedroom prints,2900,22
black and white photography posters,2900,35
black and white pictures,2900,19
black and white poster printing,2900,40
black and white prints,2900,28
black white photography prints,2900,18
blue printing,2900,33
canvas of glasgow,2900,24
car posters,2900,16
cassius coolidge dogs playing poker,2900,56
charles marion russell,2900,35
cheap prints,2900,39
collage artwork,2900,39
collage artworks,2900,43
constable paintings,2900,47
coolidge dogs playing poker,2900,55
dino prints,2900,27
dinosaur print,2900,8
dog poker,2900,55
dogs playing cards,2900,43
dreamscapes,2900,42
dreamsnake,2900,42
dulux brave ground,2900,18
ecce hommos,2900,29
exhibit artwork,2900,72
fallen angel painting,2900,44
flower art,2900,22
football posters,2900,18
frame size,2900,22
frame size chart,2900,22
garden paintings,2900,38
giuseppe arcimboldo,2900,39
goblin market,2900,28
gold wall art,2900,20
goya art,2900,45
goya paintings,2900,48
grey and green painting,2900,23
gustav klimt paintings,2900,42
hiroshige,2900,43
hiroshige artist,2900,37
jesus picture,2900,37
john everett millais,2900,49
john waterhouse artist,2900,39
john william waterhouse,2900,46
kitchen wall decor,2900,26
light of the world holman hunt,2900,29
living room prints,2900,32
maria sibylla merian,2900,43
metal posters,2900,36
michelangelo artwork paintings,2900,61
mountain drawings,2900,29
pacific island map,2900,40
pacific islands map,2900,40
paintings gustav klimt,2900,46
paul klee artwork,2900,43
paul klee paintings,2900,44
photography prints,2900,44
picture of jesus,2900,34
pierre bonnard,2900,45
pink sunset,2900,30
poker dog,2900,52
poker dogs,2900,53
poster design,2900,71
poster designs,2900,47
poster for cars,2900,33
posterlounge,2900,26
posters black and white,2900,34
posters cars,2900,32
potato eaters,2900,47
potato eaters painting,2900,42
prints for living room,2900,24
rocky painting,2900,29
rome map,2900,34
stubbs george,2900,43
the fallen angel,2900,49
the potato eaters van gogh,2900,45
tiger in a tropical storm,2900,35
vincent van gogh paintings,2900,45
wall accessories for kitchen,2900,25
wall art decor kitchen,2900,38
wall art prints,2900,59
wall calendar,2900,36
wall decor for a kitchen,2900,30
wall hangings for the kitchen,2900,38
wassily kandinsky artwork,2900,56
winslow homer artist,2900,50
anime gallery,3600,28
art for canvas,3600,36
art gallery wall,3600,28
art movements,3600,70
art of christ,3600,39
art poster prints uk,3600,48
art poster uk,3600,57
art posters and prints uk,3600,48
art prints in uk,3600,58
art prints uk,3600,56
arthur rackham,3600,40
artist odilon redon,3600,51
artistic movement,3600,28
artwork on canvas,3600,35
big wall canvas art,3600,27
brave ground dulux,3600,18
canvas art,3600,29
canvas for picture,3600,47
canvas picture,3600,64
canvas pictures,3600,55
canvases pictures,3600,47
chair van gogh,3600,47
christian artwork,3600,39
christmas day poster,3600,22
christmas poster,3600,28
christmas posters,3600,19
duck picture,3600,30
duck pictures,3600,29
fluffy chick,3600,17
frame sizes chart,3600,19
framed wall art,3600,34
giant wall art canvas,3600,26
gustave dore,3600,43
horror film posters,3600,20
horror movie posters,3600,18
horse picture,3600,29
huge canvas wall art,3600,32
impressionist artwork,3600,50
interior designer london,3600,54
interior designers in london uk,3600,54
john martin,3600,52
katsushika hokusai,3600,37
kurt schwitters,3600,50
landscape art painting,3600,46
large canvas wall art,3600,34
large canvas wall paintings,3600,26
large wall art canvases,3600,34
line art,3600,40
line artwork,3600,28
lines artwork,3600,39
loui jover,3600,25
matisse paintings,3600,39
movement in art,3600,43
odilon redon,3600,39
photo frames dimensions,3600,17
photos framed uk,3600,41
picture with trees,3600,34
pieter bruegel,3600,50
poster about christmas,3600,27
poster christmas,3600,19
poster for christmas,3600,27
poster for walls,3600,40
poster of christmas,3600,22
poster on christmas,3600,27
poster poster design,3600,53
poster xmas,3600,27
posters christmas,3600,22
posters for christmas,3600,19
posters wall,3600,46
posters xmas,3600,18
print black and white posters,3600,38
print poster,3600,38
print posters,3600,39
printable poster,3600,58
size of a photo frame,3600,20
staircases painting,3600,40
the last supper wall painting,3600,31
the mymble,3600,26
uk art prints,3600,61
wall abstract painting,3600,27
wall calendar 2026,3600,27
wall posters,3600,41
wanderer over a sea of fog,3600,53
wanderer painting,3600,55
white picture,3600,23
william morris strawberry thief,3600,33
wood artwork for wall,3600,24
wood wall art,3600,21
wood wall artwork,3600,23
wooden wall art,3600,21
xmas poster,3600,30
xmas posters,3600,19
albrecht durer,4400,50
anna atkins,4400,40
art canvas wall art,4400,32
art drawing,4400,61
art in kitchen,4400,23
art landscape painting,4400,44
artworks drawing,4400,22
aubrey beardsley,4400,52
bauhaus art,4400,44
bauhaus artworks,4400,40
canvas and wall art,4400,34
canvas large,4400,32
canvas painting,4400,31
canvas wall art,4400,39
canvases large,4400,19
cow print,4400,20
digital artwork,4400,34
digital prints,4400,26
drawing and art,4400,42
gauguin,4400,46
gleaners,4400,26
highland cow picture,4400,26
highland cow pictures,4400,24
kandinsky art,4400,60
kandinsky artworks,4400,65
kitchen art,4400,29
kitchen artwork,4400,31
large canvas,4400,19
large canvases,4400,18
mandala art,4400,39
mandalas art,4400,33
nasa calendars,4400,39
paintings kandinsky,4400,41
petrol blue,4400,16
petrol blue colour,4400,19
poster in science,4400,44
posters science,4400,32
posters scientific,4400,46
robin picture,4400,27
science posters,4400,24
scientific posters,4400,47
tamara de lempicka,4400,45
the kiss,4400,52
wall art for the garden,4400,31
wall paintings on canvas,4400,34
wall pictures,4400,43
william morris artwork,4400,37
abstract art painting,5400,36
abstract artist painting,5400,38
abstract artwork painting,5400,35
abstract painting,5400,43
aperture prints,5400,32
art on large wall,5400,22
artwork for a living room,5400,21
artwork for large wall,5400,19
artwork house,5400,36
artworks house,5400,58
bathroom art,5400,34
big art wall,5400,20
big artwork for wall,5400,17
brown painting,5400,18
degas,5400,52
drawn pictures,5400,32
framed prints,5400,31
graffiti art,5400,43
henri matisse artwork,5400,52
henri matisse artworks,5400,45
jenny wren's,5400,22
john atkinson grimshaw,5400,41
keep calm and carry,5400,41
keep calm and carry on,5400,50
large paintings for wall,5400,17
large wall art,5400,25
living room art,5400,27
living room artwork,5400,31
lounge room art,5400,36
music posters,5400,32
paintings for living room,5400,22
paul nash,5400,37
pictures for living room,5400,31
pictures for lounge,5400,34
poster music,5400,28
posters for musicians,5400,41
prints a4,5400,14
strawberry thieves,5400,36
thinker monkey,5400,20
turner paintings,5400,53
vincent van gogh artwork,5400,61
vintage travel,5400,40
wall picture,5400,48
watercolour,5400,42
waterhouse,5400,44
white wall,5400,32
yellow wall,5400,37
zebra print,5400,27
alice in wonderland and the white rabbit,6600,29
british posters,6600,33
canvas pictures uk,6600,62
canvas printing uk,6600,61
claude monet art,6600,66
claude monet artwork,6600,58
claude monet paintings,6600,65
constable,6600,58
contemporary artwork,6600,53
decor for bathroom,6600,31
edgar degas,6600,63
edward hopper nighthawks,6600,34
edward hopper nighthawks painting,6600,42
film poster,6600,53
film posters,6600,56
football pictures,6600,43
framed canvas,6600,33
graffiti artworks,6600,39
gwen john,6600,52
japan art,6600,39
japanese art,6600,35
manet,6600,44
modigliani,6600,40
nighthawks art,6600,39
nighthawks edward hopper,6600,38
peter blake,6600,34
photo canvas uk,6600,62
photo canvases,6600,63
photo canvases uk,6600,60
photo frame measurements,6600,18
photo frame size,6600,18
picture frame measurements,6600,19
picture frame size,6600,18
pink painting,6600,21
posters uk,6600,48
prints for kitchen,6600,23
prints for the kitchen,6600,27
uk posters,6600,61
wall stickers light,6600,19
watercolour paintings,6600,36
animal prints cheetah,8100,25
art for kitchen walls,8100,25
artwork for a kitchen wall,8100,17
canvas photo prints,8100,63
canvas picture prints,8100,62
decal for wall,8100,31
decal wall,8100,31
decal walls,8100,32
designer graphic,8100,68
drawing and sketches,8100,66
ernst haeckel,8100,43
framed posters,8100,35
frida kahlo art,8100,48
frida kahlo artwork,8100,51
henri rousseau,8100,49
hilma af klint,8100,48
kitchen art wall decor,8100,32
kitchen paintings for wall,8100,13
kitchen prints,8100,34
kitchen wall art,8100,24
monet paintings,8100,46
paintings for kitchen walls,8100,18
photo canvas prints,8100,56
photo frame sizes,8100,17
photos on canvas prints,8100,64
picture frame sizes,8100,16
pictures and prints,8100,63
poster and frame,8100,39
printing photographs on canvas,8100,64
renoirs,8100,40
sketches and drawings,8100,47
sticker wall decals,8100,31
stickers for walls,8100,31
still life,8100,49
stranger things poster,8100,42
street art,8100,67
the fighting temeraire painting,8100,42
triptych,8100,40
urban jungle,8100,42
wall art for a kitchen,8100,22
wall decals and stickers,8100,23
wall painting,8100,29
wall paintings for kitchen,8100,23
wall stickers,8100,21
wall stickers wall art,8100,23
wall sticks,8100,25
wallpaper stickers,8100,32
william morris prints,8100,25
artist klee,9900,49
artist louis wain,9900,49
artwork shopee,9900,40
artworks by frida kahlo,9900,56
bedroom wall art,9900,19
erotic art,9900,28
frida kahlo paintings,9900,50
frida kahlo the paintings,9900,38
gothic art,9900,46
hokusai,9900,57
klimt,9900,44
mondrian piet,9900,59
monet art,9900,70
monet artist paintings,9900,67
munch,9900,42
nighthawks,9900,41
paintings of frida kahlo,9900,49
paul klee,9900,64
paul klee artist,9900,47
print canvas pictures,9900,62
rothko,9900,54
scape canada water,9900,17
stranger thing poster,9900,39
the night watch,9900,50
world map near me,9900,52
world maps near me,9900,69
art modern,12100,61
art print,12100,45
art printers,12100,34
art prints,12100,48
artwork,12100,50
artwork prints,12100,54
constable artist,12100,48
goya,12100,60
mark rothko,12100,47
mark rothko artist,12100,54
modern art,12100,39
modern artwork,12100,35
mondrian,12100,65
prints for wall,12100,55
saturn devouring his son,12100,49
saturn eating his son,12100,46
the white rabbit,12100,53
turner,12100,71
van gogh paintings,12100,42
wall art for living room,12100,29
wall print,12100,52
wall prints,12100,39
wall prints printable,12100,38
wood painting,12100,29
el greco,14800,40
last judgment painting,14800,49
laundry signs uk,14800,24
mountain tables,14800,23
movie poster,14800,53
movie posters,14800,58
paintings,14800,64
poster print,14800,35
the last judgement,14800,61
the scream,14800,59
water lilies painting,14800,47
waterlily paintings,14800,51
dream catcher,18100,18
edvard munch,18100,69
henri matisse,18100,64
kandinsky's,18100,53
mandala,18100,53
matisse,18100,58
matisse henri,18100,56
munch artist,18100,58
online photography prints,18100,58
photography prints online,18100,54
poster prints,18100,47
posters and prints,18100,53
posters prints,18100,62
poussin,18100,45
print a poster,18100,40
abstract art,22200,38
abstract artwork,22200,34
abstractionism artwork,22200,43
bathroom painting,22200,24
gustav klimt,22200,48
monet,22200,60
woman with earring,22200,62
artwork gallery,27100,67
claude monet,27100,55
colorful rainbow,27100,23
portrait,27100,49
portraits,27100,63
starry nights,27100,39
leopard print,33100,37
leopard prints,33100,26
whistler's,33100,42
pop art,40500,42
art for walls,49500,50
canvas and prints,49500,62
canvas print,49500,62
canvas printing,49500,61
canvas prints,49500,63
canvases and prints,49500,62
canvases prints,49500,57
poster,49500,62
posters,49500,48
print canvas prints,49500,60
print in canvas,49500,48
william morris,49500,70
art,74000,72
tattoo,90500,75
tattoos tattoo,90500,79
painting,110000,49
sunsets,165000,59
drawings,201000,83
abstract painting large,,Low
abstract poster art,,Low
abstract wall art black and white,,Low
art canvas prints uk,,Medium
art for picture frames,,Low
art in frame,,Medium
art photography,,Medium
art wall painting for living room,,Low
artwork lines,,Low
artworks nature,,Medium
big wall art painting,,Medium
canvas and paintings,,Medium
contemporary canvas art,,Low
egypt art,,Medium
farrow and ball popular colours,,Low
floral black and white,,Low
green art prints,,Low
home decor unique,,Medium
landscape with the fall of icarus bruegel,,Medium
large artwork for walls,,Low
large black white wall art,,Low
large painting wall art,,Low
last judgment paintings,,Medium
mid century modern posters,,Low
modern paintings for sale,,Low
organic modernism interior design,,Low
original art paintings,,Medium
original artwork paintings for sale,,Medium
original painting,,Medium
paintings with frames,,Low
pics abstract art,,Low
room wall decor ideas,,Medium
selling home decor,,Low
simple abstract art paintings,,Medium
small bathroom wall art,,Low
teal photo frames,,Low
wall art 3 piece,,Low
wall lights decor,,Low