Published on Shopify Blog Posts 12-5-26 - Published on Shopify Blog Posts (1),,
Title,Main Keyword,Handle
Gilded Opulence: Elevate Your Space with Gold Wall Art Decor,Gold Wall Art Decor,gilded-opulence-elevate-your-space-with-gold-wall-art-decor
Elevate Your Just married First Home Decor with Wall art about love,First Home Décor,just-married-first-home-decor-with-wall-art-about-love
Personalised family presents for Everlasting Memories,Personalised family presents,personalised-family-presents-for-everlasting-memories
Unique Birthday Presents to Celebrate Beyond Ordinary,Unique Birthday Presents,unique-birthday-presents-to-celebrate-in-style
Bohemian Bliss: Elevate Your Space with Bohemian art wall,Bohemian art wall,bohemian-bliss-elevate-your-space-with-bohemian-art-wall
10 Tips for Decorating Your Yoga Studio with Spiritual home decor,Spiritual home decor,decorating-your-yoga-studio-with-spiritual-home-decor
Elevate Your Space: Small Bathroom Wall Art Ideas to Inspire Refreshing Moments,Small Bathroom Wall Art Ideas,elevate-your-space-small-bathroom-wall-art-ideas
Top 5 Islamic art wall Ideas Revealed,Islamic art wall Ideas,top-5-islamic-art-wall-ideas-revealed
8 Creative Bathroom Wall Art Ideas to Transform Your Space,Bathroom Wall Art Ideas,8-creative-bathroom-wall-art-ideas-to-transform-your-space
Bible scripture wall art prints to Inspire your Home decor,Bible scripture wall art prints,bible-scripture-wall-art-prints-inspire-your-home-decor
From East to West: Chinoiserie Wall murals in home Interiors,Chinoiserie Wall murals,exploring-chinoiserie-wall-murals-in-todays-interiors
Trending now: Wall art pictures for living room in Grounded Colours,Wall art pictures for living room,wall-art-pictures-for-living-room-grounded-neutral-colours
Black and White Magic: Creating Bold Galleries with Framed Wall Art,Galleries with Framed Wall Art,black-and-white-magic-creating-galleries-framed-wall-art
Blossoming Trends: Botanical Wall Art for Bedroom,Botanical Wall Art for Bedroom,blossoming-trends-botanical-wall-art-for-bedroom
Inspiring Wall Gallery Layouts : From Blank Walls to a Perfect Gallery,Wall Gallery Layouts,wall-gallery-layouts-from-blank-walls-to-a-perfect-gallery
Get the Boho Look: 9 DIY Boho Home Decor Ideas for Every Room,Boho Home Decor Ideas,get-the-boho-look-9-diy-boho-home-decor-ideas-for-every-room
Cherry Blossom Art Japan: Understanding the Deep Symbolism,Cherry Blossom Art Japan,cherry-blossom-art-japan-understanding-the-deep-symbolism
Christmas Decor Ideas Beyond the Tree: 8 Fresh Ideas for a Festive Home,Christmas Decor Ideas,christmas-decor-ideas-beyond-the-tree-8-ideas-festive-home
Decorating with Framed Artwork Prints,Framed Artwork Prints,decorating-with-framed-artwork-prints
12 Small restroom decor ideas to maximise space,Small restroom decor ideas,12-small-restroom-decor-ideas
7 Tips to transform Your Home office decor with Calming Wall Art,Calming Wall Art,decorate-your-home-office-with-calming-wall-art
Zen Decor Ideas: Calm & Serenity in Your Living space,Zen Decor Idea,zen-decor-ideas-achieving-calm-and-serenity-in-your-living
5 Calming Wall Art Ideas to create a Relaxing bedroom decor,Relaxing bedroom decor,5-calming-wall-art-ideas-to-create-a-relaxing-bedroom-decor
The Essence of Scandinavian Interior Design,Scandinavian Interior Design,unveiling-the-essence-of-scandinavian-interior-design
Transform Your Home into a Winter Wonderland with Wall decor Christmas,Wall decor Christmas,transform-your-home-with-wall-decor-christmas
Illuminate Your Home Decor this Eid with Modern Islamic Art,Modern Islamic Art,illuminate-your-home-decor-with-inspiring-modern-islamic-art
The Symbolism Behind Wedding Anniversary Gifts by Year,Wedding Anniversary Gifts by Year,the-symbolism-behind-wedding-anniversary-gifts-by-year
The Impact of Modern Wall Art on Contemporary Home Decor,Contemporary Home Decor,the-impact-of-modern-wall-art-on-contemporary-home-decor
The Art of Decorating:  Modern master bedroom decor ideas,Modern master bedroom decor ideas,the-art-of-decorating-modern-master-bedroom-decor-ideas
Enhancing your baby’s room with the cutest Wall art for nursery ideas,Wall art for nursery ideas,wall-art-for-nursery-ideas
Transform Your Home into a Coastal Haven with Tropical Home Decor,Tropical Home Decor,transform-your-home-with-tropical-home-decor
How to Design & Create a Retreat with wall art ideas for bathroom,wall art ideas for bathroom,how-to-design-with-wall-art-ideas-for-bathroom
How to Decorate a Large Wall in a Living Room with Wall art,Large Wall in a Living Room,how-to-decorate-a-large-wall-in-a-living-room-with-wall-art
Top 8 Coastal Decor Home Ideas on a budget,Coastal Decor Home Ideas on a budget,top-8-coastal-decor-home-ideas-on-a-budget
How Mid century modern interior decor uses Wall Art as Conversational Pieces,Mid century modern interior décor,mid-century-modern-interior-decor-uses-conversational-pieces
The Fusion of Japanese Minimalism & Scandinavian Decor,Japanese Minimalism,the-fusion-of-japanese-minimalism-scandinavian-simplicity
Exploring the World from Your Living Room: Travel Posters,Travel Posters,exploring-the-world-from-the-living-room-with-travel-posters
Exploring the Beauty of Eclectic interior decor,Eclectic interior decor,exploring-the-beauty-of-eclectic-interior-decor
Exploring office Wall Art Prints when designing a Home office decor,office Wall Art Prints,designing-a-professional-home-office-decor-with-wall-art
Creating a charming Home with Timeless French Country interior Decor,French Country interior Decor,charming-home-with-timeless-french-country-interior-decor
Create a Serene Retreat: Transform Your Space with Farmhouse Decor,Farmhouse Decor,transform-your-space-with-farmhouse-decor
Birthstone presents: Finding the perfect gift for an Astrology lover,Birthstone presents,birthstone-presents-beyond-jewellery
10 Creative Kitchen wall decor ideas,10 Creative Kitchen wall decor ideas,10-creative-kitchen-wall-decor-ideas
Transforming Spaces: Unveiling the Power of Japan prints and Feng Shui,Japan prints and Feng Shui,transforming-spaces-the-power-of-japan-prints-and-feng-shui
"Choosing the Right Wall Art for Living Room: Tips, Trends, and Recommendations",Wall Art for Living Room,choosing-the-right-wall-art-for-living-room-tips-and-trends
Dive into the History of Islamic Calligraphy wall art and Its Modern Appeal,Islamic Calligraphy,dive-into-the-rich-history-of-islamic-calligraphy-wall-art
Top 8 Hallway Art Ideas to Transform Your Space,Hallway Art Ideas,top-8-hallway-art-ideas-to-transform-your-space
Mesmerising Spaces: Elevate Your Space with teal color wall art,teal color wall art,elevate-your-space-with-teal-color-wall-art
Embrace Nature's Palette using Earth tone colors,Embrace Nature's Palette using Earth tone colors,embrace-natures-palette-using-earth-tone-colors
Neutral Wall Decor: Elevate Your Space with Timeless Tranquility,Neutral Wall Décor,elevate-your-space-with-neutral-wall-decor
Wall Arts for Living Room: Wallpaper vs Wall art,Wallpaper vs Wall art,wall-arts-for-living-room-the-dilemma-of-wallpaper-vs-art
Living Room Fireplace Decor Ideas: Step-by-Step Guide to a Makeover,Living Room Fireplace Decor Ideas,living-room-fireplace-decor-ideas-guide-to-stunning-makeover
From Drab to Fab: Black and White Bathroom Design Ideas for a Makeover,Bathroom Design Ideas,from-drab-to-fab-black-and-white-bathroom-design-ideas
From Blank to Beautiful: Gallery Wall Ideas for Huge Walls,Gallery Wall Ideas for Huge Walls,from-blank-to-beautiful-gallery-wall-ideas-for-huge-walls
Beach House Decor: Embrace the Shibori Trend for a Unique Coastal Vibe,Beach House Décor,beach-house-decor-embrace-the-shibori-trend-for-coastal-vibe
Decor for the Home: Choosing the Perfect Vibes for Your Home Decor,Decor for the Home,decor-for-the-home-choosing-the-perfect-vibes-for-your-home
How to decorate Japandi Style interiors (and what it is?),Japandi Style interiors,how-to-decorate-japandi-style-interiors-and-what-it-is
Small Studio Apartment Decor: 10 Genius Tips & Hacks for Maximising Space,Small Studio Apartment Décor,small-studio-apartment-decor-10-genius-tips-and-hacks
Never Too Small: Wall Decoration Office Ideas for Tiny Apartments,Wall Decoration Office Ideas,never-too-small-wall-decoration-office-ideas-for-apartments
Greige colours: How to decorate with the timeless blend of Grey & Beige,Greige colours,how-to-decorate-with-greige-colours-the-blend-of-grey-beige
Step-by-Step Guide: What Frame Size Do I Need for my Space,What Frame Size Do I Need for my Space,determining-what-frame-size-do-i-need-for-my-space
Choosing the Right Palette: What Colour Goes with Grey Walls? Essential Tips,What Colour Goes with Grey Walls,what-colour-goes-with-grey-walls-essential-tips
Inspiring Laundry Room Decor: Tips for a Functional and Beautiful Space,Inspiring Laundry Room Décor,laundry-room-decor-tips-for-a-functional-and-beautiful-space
Corridor Decor Ideas: Transforming Your Hallways with Style,Corridor Decor Ideas,corridor-decor-ideas-transforming-your-hallways-with-style
8 Creative teenage bedroom decor ideas,teenage bedroom decor ideas,8-creative-teenage-bedroom-decor-ideas
How to decorate a bathtub and transform your Bathroom,How to decorate a bathtub,how-to-decorate-a-bathtub-and-transform-your-bathroom
How to Decorate Hallways to Maximise Space. Quick Tips and Tricks,How to Decorate Hallways,how-to-decorate-hallways-to-maximise-space-quick-tips
How to Decorate a Really Small Bedroom: 10 Space-Saving Tips and Tricks,How to Decorate a Really Small Bedroom,how-to-decorate-a-really-small-bedroom-10-space-saving-tips
Bringing Scandinavian Design decor into Your Home,Scandinavian Design décor,bringing-scandinavian-design-decor-into-your-home
"Can a single, Abstract Art transform the energy of your living space?",Abstract Art,can-a-single-bold-abstract-art-transform-your-space
"Want to turn plain walls into a stunning, cozy interiors retreat with creative layers?",cozy interiors retreat,turn-plain-walls-into-a-stunning-cozy-interiors-retreat
How to create a wow factor with the right Living room Wall Art Decor!,Living room Wall Art Décor,how-to-create-a-wow-factor-with-wall-art-decor
Bathroom Art Ideas to transform your small bathroom into an oasis,Bathroom Art Ideas,bathroom-art-ideas-to-transform-your-bathroom-into-an-oasis
Transform your bedroom into a sanctuary! Discover perfect Above the bed decor ideas,Above the bed decor ideas,discover-perfect-above-the-bed-decor-ideas
Transform your home into an walk in the woods oasis using Biophilic Design,Biophilic Design,transform-your-home-into-an-oasis-using-biophilic-design
How to Use Typography for a Playful Kitchen Wall Art Decor?,Typography Wall Art Decor,how-to-use-typography-for-a-playful-kitchen-wall-art-decor
How to effortlessly mix and blend different art style types in a living room?,art style types,how-to-mix-and-blend-different-art-style-types
How could your art for an office wall fuel creativity and productivity?,art for an office wall,how-could-your-art-for-an-office-wall-fuel-productivity
How can the right Bedroom Art Ideas transform your space for sleep and relaxation?,Bedroom Art Ideas,how-can-the-right-bedroom-art-ideas-transform-your-space
How a single wall can transform your Space Bedroom Decor into a stunning sanctuary?,Space Bedroom Décor,how-a-single-wall-can-transform-your-space-bedroom-decor
Atmosphere with Art: Transform Your Space Faster Than a Fresh Coat of Paint!,Atmosphere with Art,atmosphere-with-art-transform-your-space
Did you know that the Bedroom Wall Art ideas you choose can impact your quality of rest?,Bedroom Wall Art ideas,how-bedroom-wall-art-ideas-can-impact-your-quality-of-rest
Can the right Art For The Kitchen turn it into an inviting space?,Art For The Kitchen,can-the-right-art-for-the-kitchen-turn-it-into-an-inviting-space
From Dull to Dazzling: The Best Art For A Kitchen Wall Ideas,Art For A Kitchen Wall Ideas,the-best-art-for-a-kitchen-wall-ideas
How nature-inspired art can transform your walls into a soul-soothing masterpiece?,nature-inspired art,how-nature-inspired-art-can-transform-your-walls
Budget Dining Area Decor Ideas That Instantly Elevate the Room,Budget Dining Area Decor Ideas,budget-dining-area-decor-ideas-that-elevate-the-room
Solving Wall Blankness with Well-Placed Pictures for Lounge Rooms,Pictures for Lounge Rooms,solving-wall-blankness-with-pictures-for-lounge-rooms
Solving Moisture Problems with Safe Bathtub Decor Ideas,Bathtub Decor Ideas,solving-moisture-problems-with-safe-bathtub-decor-ideas
Rustic Decoration for Home That Doesn’t Feel Dated,Rustic Decoration for Home,rustic-decoration-for-home-that-doesn-t-feel-dated
Moisture Resistant Restroom Wall Art What Actually Works,Moisture Resistant Restroom Wall Art,moisture-resistant-restroom-wall-art-what-actually-works
How to Use Color Psychology in Interior Design,Color Psychology in Interior Design,how-to-use-color-psychology-in-interior-design
How to Use Art On Walls to Anchor a Color Scheme,Art On Walls,how-to-use-art-on-walls-to-anchor-a-color-scheme
How to Select the Right Pictures Frames for Your Artwork,Pictures Frames for Your Artwork,how-to-select-the-right-pictures-frames-for-your-artwork
How to Match Prints For The Wall with Your Interior Color Scheme,Interior Color Scheme,how-to-match-prints-for-the-wall-with-your-interior-color
Feng Shui bedroom: Tips and Tricks,Feng Shui bedroom,feng-shui-bedroom-tips-and-tricks
Elegant Ways to Incorporate the Dua of Forgiveness into Modern Islamic Decor,Dua of Forgiveness,incorporate-the-dua-of-forgiveness-into-modern-islamic-decor
Common Mistakes When Estimating the Size of a Frame for Wall Art,Size of a Frame for Wall Art,mistakes-when-estimating-the-size-of-a-frame-for-wall-art
Canvas wall arts vs. Framed Prints: What’s Best for Each Room?,Canvas wall arts vs. Framed Prints,canvas-wall-arts-vs-framed-prints-whats-best-for-each-room
10 creative ideas for decorating your living room wall on a budget,decorating your living room wall on a budget,10-creative-ideas-for-decorating-your-living-room-wall
Choosing the right art for grey walls without making the room feel cold,art for grey walls,choosing-the-right-art-for-grey-walls
7 Inspiring Ideas for Wall Art for Teenagers, Wall Art for Teenagers,7-inspiring-ideas-wall-art-for-teenagers
7 Creative Ideas for Wall Art for High Ceilings,Wall Art for High Ceilings,wall-art-for-high-ceilings-7-creative-ideas
7 Creative Ideas for Decorating the Home,Ideas for Decorating the Home,ideas-for-decorating-the-home-7
Understanding Art and Wellbeing: Impact and Insights,Art and Wellbeing,understanding-art-and-wellbeing-impact-and-insights
Understanding Art Color Meaning: Emotions and Symbolism,Art Color Meaning,understanding-art-color-meaning-emotions-symbolism
8 Fresh Ideas for Inspiration for Home Decor,Inspiration for Home Decor,inspiration-for-home-decor-8-fresh-ideas
7 Smart Tips for Decorating on a Budget,Decorating on a Budget,7-smart-tips-for-decorating-on-a-budget
8 Essential Tips to Shop Online Decoration for Home,Shop Online Decoration for Home,shop-online-decoration-for-home-8-essential-tips
8 Inspiring Abstract Wall Art Ideas for Any Space,Abstract Wall Art Ideas,abstract-wall-art-ideas-8-inspiring-ideas
7 Smart Tips for Choosing Art for Small Spaces,Choosing Art for Small Spaces,choosing-art-for-small-spaces-7-smart-tips
7 Accent Wall Art Ideas for a Stunning Home,Accent Wall Art Ideas,accent-wall-art-ideas-7
7 DIY Accent Wall Ideas to Transform Your Space,DIY Accent Wall Ideas,diy-accent-wall-ideas-7
Understanding Landscape Art Styles: What They Are and Why They Matter,Landscape Art Styles,understanding-landscape-art-styles
Current Home Decor Trends Transforming Spaces in 2025,Current Home Decor Trends,current-home-decor-trends-transforming-spaces-in-2025
Stylish Bedroom Ideas to Create the Perfect Guest Room,Perfect Guest Room,stylish-bedroom-ideas-to-create-the-perfect-guest-room
Design Lounge Room: Feels Effortlessly Stylish,Design Lounge Room,how-to-design-lounge-room-that-feels-effortlessly-stylish
Explore the Most Popular Home Decor Styles for Every Space,Home Decor Styles,explore-the-most-popular-home-decor-styles-for-every-space
A Guide to Finding Your Home Decor Style,Finding Your Home Decor,a-guide-to-finding-your-home-decor-style
How To Find Your Perfect Home Decor Styles,Home Decor Styles,how-to-find-your-perfect-home-decor-styles
Top Decorations for Master Bedrooms to Elevate Your Space,Decorations for Master Bedrooms,top-decorations-for-master-bedrooms-to-elevate-your-space
Creative Dining Area Interiors to Inspire Your Home,Creative Dining Area Interiors,creative-dining-area-interiors-to-inspire-your-home
Guest Bedroom Decorating Ideas for a Warm and Welcoming Space,Guest Bedroom Decorating Ideas,guest-bedroom-decorating-ideas-for-a-welcoming-space
Fun and Stylish Decorating Ideas for a Teenage Bedroom,Ideas for a Teenage Bedroom,fun-and-stylish-decorating-ideas-for-a-teenage-bedroom
Stylish Practical Decorating Tips for Family Room,Stylish Practical Decorating Tips,stylish-practical-decorating-tips-for-family-room
Creative Children's Room Wall Decorations to Brighten Their Space,Children's Room Wall Decorations,creative-childrens-room-wall-decorations
Fresh Ideas for Sitting Room Designs to Transform Your Space,Sitting Room Designs,fresh-ideas-for-sitting-room-designs-to-transform-your-space
My Guide to Decorate a Powder Room with Style,Decorate a Powder Room,my-guide-to-decorate-a-powder-room-with-style
What is Minimalist Art? The Beauty of Less is More,What is Minimalist Art,what-is-minimalist-art-the-beauty-of-less-is-more
Essential Tips for Gallery Wall Planning to Showcase Your Style,Gallery Wall Planning,tips-for-gallery-wall-planning-to-showcase-your-style
Creative Office Wall Design Ideas to Inspire Productivity,Office Wall Design Ideas,creative-office-wall-design-ideas-to-inspire-productivity
Creating a Stylish Retreat with black and white wall art for bedroom,black and white wall art for bedroom,creating-a-retreat-with-black-and-white-wall-art-for-bedroom
Chic Pink Room Ideas for a Stylish and Fun Space,Pink Room Ideas,chic-pink-preppy-room-ideas-for-a-stylish-and-fun-space
Creative Wall Decor Ideas for Large Walls to Transform Your Space,Decor Ideas for Large Walls,wall-decor-ideas-for-large-walls-to-transform-your-space
Creative toilet decorations to Elevate Your Small Bathroom,Creative toilet decorations,creative-toilet-decorations-to-elevate-your-small-bathroom
Stylish Ideas for Your Perfect Dine In Room,Perfect Dine In Room,stylish-ideas-for-your-perfect-dine-in-room
Essential Tips for Man Decorating: Stylish Ideas for Every Space,Essential Tips for Man Decorating,essential-tips-for-man-decorating-stylish-ideas
How to Find Your Decorating Style: A Guide to Personalised Interiors,How to Find Your Decorating Style,how-to-find-your-decorating-style
Stylish man cave decorations for wall: Personalise Your Space,Stylish man cave decorations for wall,stylish-man-cave-decorations-for-wall-personalise-your-space
How To Live A Minimalist Life And Thrive With Simplicity,How To Live A Minimalist Life,how-to-live-a-minimalist-life-and-thrive-with-simplicity
Creative Study Room Decor Ideas to Boost Focus and Style,Study Room Decor Ideas,creative-study-room-decor-ideas-to-boost-focus-and-style
Stylish Bathroom En Suite Ideas to Elevate Your Space,Bathroom En Suite Ideas,stylish-bathroom-en-suite-ideas-to-elevate-your-space
My Friendly Guide to Designing a Playroom Your Kids Will Adore,Playroom Your Kids Will Adore,designing-a-playroom-your-kids-will-adore
Family Room Interiors to Inspire Comfort and Togetherness,Family Room Interiors,family-room-interiors-to-inspire-comfort-and-togetherness
The Role of Wall Art in Mood Setting: Enhance Your Space with Style,Role of Wall Art in Mood Setting,the-role-of-wall-art-in-mood-setting-enhance-your-space-with-style
Smart Ways to Decorate a Professional Office for Style and Productivity,Decorate a Professional Office,smart-ways-to-decorate-a-professional-office-for-style-and-productivity
How to Create a Relaxing Workspace: Practical Ways to Support Mental Health at Work,Support Mental Health at Work,how-to-create-a-relaxing-workspace-practical-ways-to-support-mental-health-at-work
Awesome Bedroom Ideas to Transform Your Space,Awesome Bedroom Ideas,awesome-bedroom-ideas-to-transform-your-space
Inspiring Interior Design Ideas for Bedrooms: Creating Your Calm Sanctuary,Inspiring Interior Design Ideas for Bedrooms,interior-design-ideas-for-bedrooms-creating-your-sanctuary
Creative Ideas for a Fun and Functional Childrens Bedroom,Functional Childrens Bedroom,creative-ideas-for-a-fun-and-functional-childrens-bedroom
Stylish Ideas for Lounge: Create Comfort and Elegance,Ideas for Lounge,stylish-ideas-for-lounge-to-create-comfort-and-elegance
Coastal decor bedroom ideas:  How to style this new trend it?,Coastal decor bedroom ideas,coastal-decor-bedroom-ideas-how-to-style-it
What to do when your home lacks natural light: Decorate living room wall hangings,What to do when your home lacks natural light,decorate-living-room-wall-hangings
What interior stylists predict for the next 5 years: Home decor design trends,Home decor design trends,the-next-5-years-home-decor-design-trends
Using wall art to complement color schemes in bedrooms,color schemes in bedrooms,using-wall-art-to-complement-color-schemes-in-bedrooms
The new neutrals trend:  Beyond beige modern wall arts,beige modern wall arts,the-new-neutrals-trend-beyond-beige-modern-wall-arts
The case for empty spaces: When less truly is more,The case for empty space,the-case-for-empty-spaces-when-less-truly-is-more
Style trends: Add a dash of drama with the wild side look for your home,Style trends,style-trends-add-a-dash-of-drama-with-the-wild-side-look
Fresh interior decor ideas for living room updates,interior decor ideas for living room,fresh-interior-decor-ideas-for-living-room-updates
Solving lighting challenges when using a Deep Winter colour palette,Deep Winter colour palette,lighting-challenges-when-using-a-deep-winter-colour-palette
Solving last minute gifting with elegant Xmas decorations personalised,Xmas decorations personalised,last-minute-gifting-with-xmas-decorations-personalised
Solving focal point issues with the right Sitting room art,Solving focal point issues,solving-focal-point-issues-with-the-right-sitting-room-art
Solving dull vibes: Add personality with easy dining room decor,dining room decor,add-personality-with-easy-dining-room-decor
The clash of 2025: Bold vs Muted color trends in home decor,Bold vs Muted color trends,bold-vs-muted-color-trends
How to use decor to improve daily habits,How to use decor to improve daily habits,how-to-use-decor-to-improve-daily-habits-textbuilder
How to use a Nursery Decor style that grows with your child,Nursery Decor style,how-to-use-a-nursery-decor-style-that-grows-with-your-child
How to hang wall art for stairs without a straight wall,wall art for stairs,how-to-hang-wall-art-for-stairs-without-a-straight-wall
How to add personality without overstimulating young minds: Nursery Colours,Nursery Colours,how-to-add-personality-with-nursery-colours
Fixing a room with too much Neutral Tones,Fixing a room with too much Neutral Tones,fixing-a-room-with-too-much-neutral-tones
Earth inspired living:  The volcano and forest palettes down to earth colour trends,earth colour trends,earth-inspired-living-the-down-to-earth-colour-trends
Do beige and grey go together? Here's how to make it work…,Do beige and grey go together,do-beige-and-grey-go-together-heres-how-to-make-it-work
Designing a living room decor wall space,living room decor wall space,designing-a-slow-living-room-decor-wall-space
Designing a clutter free kids playroom: Childrens Playroom ideas,Childrens Playroom ideas,designing-a-kids-playroom-childrens-playroom-ideas
Decor for Nursery Wall that stimulates without overwhelming,Decor for Nursery Wall,decor-for-nursery-wall-that-stimulates-without-overwhelming
Creating a Gallery wall feel in a small flat,Creating a Gallery wall,creating-a-gallery-wall-feel-in-a-small-flat
Common mistakes in Colour schemes living room designers avoid,Common mistakes in Colour schemes,mistakes-in-colour-schemes-living-room-designers-avoid
Rental Decor: How to Make a Rental Feel Like Home Without Getting in Trouble,Rental Décor,how-to-make-a-rental-decor-feel-like-home
Solving Extra Large Wall Art placement anxiety where and how to hang,Solving Extra Large Wall Art,solving-extra-large-wall-art-placement-where-to-hang
Wall Art for Living Room: Inspiring Ideas and Expert Tips,Wall Art for Living Room,wall-art-for-living-room-inspiring-ideas-tips
Modern Wall Art Ideas to Refresh Any Space,Modern Wall Art Ideas,modern-wall-art-ideas
Art for Offices: Inspiring Ideas for Every Workspace,Art for Offices,art-for-offices-inspiring-ideas-for-every-workspace
What is Wall Art? A Complete Guide to Transforming Your Space,What is Wall Art,what-is-wall-art-guide
Stylish Prints for Living Room: Inspire Your Space,Stylish Prints for Living Room,prints-for-living-room
Canvas Paintings for Living Room: Stylish Ideas and Tips,Canvas Paintings for Living Room,canvas-paintings-for-living-room
10 Popular Types of Wall Art for Every Space, Types of Wall Art for Every Space,types-of-wall-art
Essential Tips for Moving House: A Stress-Free Guide,Essential Tips for Moving House,essential-tips-for-moving-house
How to Choose the Perfect Art for Bedrooms,Art for Bedrooms,how-to-choose-art-for-bedrooms
How I Used Canvas Pictures for Living Rooms to Create My Calm Sanctuary,Canvas Pictures for Living Rooms,how-i-used-canvas-pictures-for-living-rooms
Creating Calm with Minimalist Living Decor,Minimalist Living Decor,creating-calm-with-minimalist-living-decor
First Apartment Essentials: Ultimate Guide for Every Home,First Apartment Essentials,first-apartment-essentials-ultimate-guide
How to Hang Art: Easy Steps for Perfect Display,How to Hang Ar,how-to-hang-art-easy-steps-for-perfect-display
Understanding Wall Art Size Guide for Your Space,Understanding Wall Art Size,understanding-wall-art-size-guide
8 Smart Small Space Decorating Ideas for Your Home,Small Space Decorating Ideas,small-space-decorating-ideas-8-smart-ideas
7 Soothing Color Palettes for Your Home and Office,Color Palettes for Your Home and Office,soothing-color-palettes-7
What is Canvas Art? Understanding the Beauty and Impact,What is Canvas Art?,what-is-canvas-art
10 Office Decor Ideas to Boost Your Productivity,Office Decor Ideas,office-decor-ideas-10
Understanding the Role of Art in Interior Design,Role of Art in Interior Design,understanding-art-in-interior-design
7 Home Decor Trends 2025 You Need to Know Now,Home Decor Trends,home-decor-trends-2025-7
Understanding Interior Decorating Terms for Everyone,Interior Decorating Terms,understanding-interior-decorating-terms
7 Essential Tips for Wall Art Hanging Systems,Tips for Wall Art Hanging,7-essential-tips-for-wall-art-hanging-systems
7 Inspiring Tips for Nature Inspired Wall Art,Nature Inspired Wall Art,nature-inspired-wall-art-7-tips
Old Money Style Interiors: Classic Design Trends That Never Fade,Old Money Style Interiors,old-money-style-interiors-classic-design-trends
Interior Design of House: Transform Your Home with Calm Wall Art,Interior Design of House,transform-your-interior-design-of-house-how-wall-art-creates-a-calm-home
List of Interior Design Styles: Find the Perfect Look for Your Home,List of Interior Design Styles,list-of-interior-design-styles-find-the-perfect-look-for-your-home
Year-Round Decor Ideas You Don't Need to Pack Away,Year-Round Decor Ideas,year-round-decor-ideas-you-dont-need-to-pack-away
Desert Brown Decor: Warm Neutral Ideas Inspired by the Desert,Warm Neutral Ideas,desert-brown-decor-warm-neutral-ideas-inspired-by-the-desert
Home Trotters Style: Travel-Inspired Decor Ideas for Every Room,Travel-Inspired Decor Ideas,home-trotters-style-travel-inspired-decor-ideas-for-every-room
"Quirky Kitchen Wall Art Ideas for Fun, Lived-In Spaces",Quirky Kitchen Wall Art Ideas,quirky-kitchen-wall-art-ideas-for-fun-lived-in-spaces
Multi-Use Room Ideas: Smart Zoning for Small Homes,Smart Zoning for Small Homes,multi-use-room-ideas-smart-zoning-for-small-homes
How to Create a Focal Point Gallery Wall in Any Room,Focal Point Gallery Wall,how-to-create-a-focal-point-gallery-wall-in-any-room
Modern Art Deco Home Decor: Glam 1920s-Style Ideas for Modern Homes,Glam 1920s-Style Ideas,art-deco-home-decor-glam-1920s-style-ideas-for-modern-homes
Art Inspired by Nature: Ways to Bring the Outdoors Inside,Art Inspired by Nature,art-inspired-by-nature-ways-to-bring-the-outdoors-inside
Art Moderne Home Decor: Streamlined 1930s-Inspired Design Ideas,Art Moderne Home Décor,art-moderne-home-decor-streamlined-1930s-inspired-design-ideas-1
"Asian Home Decor Ideas for Tranquil, Nature-Led Interiors",Asian Home Decor Ideas,asian-home-decor-ideas-for-tranquil-nature-led-interiors
Bathroom Wall Decor Ideas for Spa-Like Spaces,Bathroom Wall Decor Ideas,bathroom-wall-decor-ideas-for-spa-like-spaces
The Best Art for Bedrooms: Relaxing Pieces and Placement Tips,Art for Bedrooms,the-best-art-for-bedrooms-relaxing-pieces-and-placement-tips
Warm Minimalism: How to Create a Calm Yet Cosy Home ,Warm Minimalism,warm-minimalism-how-to-create-a-calm-yet-cosy-home
Black and White Art Styles and How to Use Them at Home,Black and White Art,black-and-white-art-styles-and-how-to-use-them-at-home
Calming Home Decor Ideas for a Stress-Free Space,Calming Home Decor Ideas,calming-home-decor-ideas-for-a-stress-free-space
Children's Room Picture Ideas to Inspire Imagination,Children's Room Picture Ideas,childrens-room-picture-ideas-to-inspire-imagination
Entryway Decor Ideas for a Welcoming First Impression,Entryway Decor Ideas,entryway-decor-ideas-for-a-welcoming-first-impression
"Coastal Home Decor: Light, Breezy Ideas for a Beach-Inspired Home",Coastal Home Décor,coastal-home-decor-light-breezy-ideas-for-a-beach-inspired-home
"Kitchen Trends for 2026: Colours, Layouts and Must-Have Features",Kitchen Trends for 2026,kitchen-trends-for-2026-colours-layouts-and-must-have-features
Children's Room Wall Art Ideas for Every Age and Interest,Children's Room Wall Art Ideas,childrens-room-wall-art-ideas-for-every-age-and-interest
Toilet Decor Ideas to Instantly Upgrade a Small Bathroom,Toilet Decor Ideas,toilet-decor-ideas-to-instantly-upgrade-a-small-bathroom
"Farmhouse Living Room Ideas for Cosy, Rustic Style",Farmhouse Living Room Ideas,farmhouse-living-room-ideas-for-cosy-rustic-style
"Minimalist Bedroom Decor Ideas for Calm, Restful Nights",Minimalist Bedroom Decor Ideas,minimalist-bedroom-decor-ideas-for-calm-restful-nights
Preppy Decorating Style: How to Bring This Classic Look Into Your Home,Preppy Decorating Style,preppy-decorating-style-how-to-bring-this-classic-look-into-your-home
Masculine Home Decor: Stylish Ideas to Elevate Any Modern Space,Masculine Home Décor,masculine-home-decor-stylish-ideas-to-elevate-any-modern-space
How Can Dining Room Galleries Transform Your Meals?,Dining Room Galleries,how-can-dining-room-galleries-transform-your-meals
How Can You Make Large Dining Rooms Feel More Inviting?,Large Dining Rooms,how-can-you-make-large-dining-rooms-feel-more-inviting
Stylish Family Area Ideas for a Cosy and Functional Home,Family Area Ideas,stylish-family-area-ideas-for-a-cosy-and-functional-home
A Guide to a Different Type of Interior Design for a Calming Home,Different Type of Interior Design,a-guide-to-a-different-type-of-interior-design-for-a-calming-home
How Can Man Cave Decor Create Your Perfect Personal Sanctuary?,Man Cave Decor ,how-can-man-cave-decor-create-your-perfect-personal-sanctuary
How Can Home Decor Modern Accessories Transform Your Space?,Home Decor Modern Accessories,how-can-home-decor-modern-accessories-transform-your-space
How Can You Create a Stylish Interior for Dining Room?,Stylish Interior for Dining Room,how-can-you-create-a-stylish-interior-for-dining-room
My Guide to the Top Interior Decorating Trends 2026,My Guide to the Top Interior Decorating Trends 2026,my-guide-to-the-top-interior-decorating-trends-2026
How Can Current Interior Design Trends Help Create a Calmer Home?,Current Interior Design Trends,how-can-current-interior-design-trends-help-create-a-calmer-home
Your Ultimate Interior Styles List for a Beautiful Home,Interior Styles List,your-ultimate-interior-styles-list-for-a-beautiful-home
Stylish Behind Toilet Decor: 5 Ideas to Transform Your Small Bathroom,Behind Toilet Décor,stylish-behind-toilet-decor-5-ideas-to-transform-your-small-bathroom
How To Use Current Wall Colour Trends For A Truly Calming Home,Current Wall Colour Trends,how-to-use-current-wall-colour-trends-for-a-truly-calming-home
How to Make a Breakfast Nook That’s Both Cosy and Chic,Breakfast Nook,how-to-make-a-breakfast-nook-that-s-both-cosy-and-chic
My Guide to Guy Home Decor: Creating a Stylish Masculine Home,Guy Home Décor,my-guide-to-guy-home-decor-creating-a-stylish-masculine-home
What Are The Key Home Interior Trends 2026 For Living Rooms?,Home Interior Trends 2026 For Living Rooms,what-are-the-key-home-interior-trends-2026-for-living-rooms
How I Use Wall Art to Create a Calm and Productive Home Office,Productive Home Office,how-i-use-wall-art-to-create-a-calm-and-productive-home-office
Earthy Neutrals: How to Create a Calming Sanctuary in Your Home,Earthy Neutrals,earthy-neutrals-how-to-create-a-calming-sanctuary-in-your-home
Using Black Accents To Add Drama And Depth To Your Home,Black Accents,using-black-accents-to-add-drama-and-depth-to-your-home
Define Minimalism: Understanding the Art of Simple Living and Design,Art of Simple Living and Design,define-minimalism-understanding-the-art-of-simple-living-and-design
Decorating Above Toilet: Stylish Ideas to Elevate Your Bathroom,Decorating Above Toilet,decorating-above-toilet-stylish-ideas-to-elevate-your-bathroom
Dark Moody Hues: How to Add Drama and Depth to Your Interiors,Dark Moody Hues,dark-moody-hues-how-to-add-drama-and-depth-to-your-interiors
Luxurious Retreats: Creating Opulent and Relaxing Spaces at Home,Luxurious Retreats,luxurious-retreats-creating-opulent-and-relaxing-spaces-at-home
Stylish Solutions for Your Modern Ensuite Bathroom Suite,Modern Ensuite Bathroom Suite,stylish-solutions-for-your-modern-ensuite-bathroom-suite
How to Create a Gallery Wall: Simple Steps to Transform Any Room,Create a Gallery Wall,how-to-create-a-gallery-wall-simple-steps-to-transform-any-room
Stylish Ideas For Your Smallest Room: Easy Decoration for Toilet,Easy Decoration for Toilet,stylish-ideas-for-your-smallest-room-easy-decoration-for-toilet
Inspiring Main Bedroom Decoration Ideas for Comfort and Style,Main Bedroom Decoration Ideas,main-bedroom-decoration-ideas-for-comfort-and-style
Stylish Powder Room Bathroom Decorating Ideas to Elevate Your Space,Powder Room Bathroom Decorating Ideas,stylish-powder-room-bathroom-decorating-ideas-to-elevate-your-space
Decorating Trend:  Japandi Style - How To Create A Calm Home,Japandi Style,decorating-trend-japandi-style-how-to-create-a-calm-home
Nice Sitting Room Designs to Inspire Comfort and Style,Sitting Room Designs,nice-sitting-room-designs-to-inspire-comfort-and-style
What is Typographic Art: Exploring Words as Visual Design,Typographic Art,what-is-typographic-art-exploring-words-as-visual-design
How to Decorate a Master Bedroom: Stylish Ideas for Comfort and Luxury,How to Decorate a Master Bedroom,how-to-decorate-a-master-bedroom-stylish-ideas-for-comfort
Ever Wondered Why Art Placement Is Important for Your Home's Vibe?,Art Placement,why-art-placement-is-important-for-your-homes-vibe
Why Refresh Wall Decor: Transform Your Space with Ease,Why Refresh Wall Décor,why-refresh-wall-decor-transform-your-space-with-ease
Types of Wall Art Materials: A Guide to Choosing the Perfect Finish,Types of Wall Art Materials,types-of-wall-art-materials-guide-to-choosing-the-one
Color Psychology in Art: Understanding How Shades Shape Emotion,Color Psychology in Art,color-psychology-in-art-how-shades-shape-emotion
Best Plants for Offices: Bring Life and Calm Into Your Workspace,Best Plants for Offices,best-plants-for-offices-bring-life-into-your-workspace
What is the 3-5-7 rule in Decorating: A Simple Formula for Stylish Spaces,What is the 3-5-7 rule in Decorating,what-is-the-3-5-7-rule-in-decorating
A Journey Through The History of Wall Art,The History of Wall Art,a-journey-through-the-history-of-wall-art
Essential Accessories for Living Room Decor to Elevate Your Space,Accessories for Living Room Décor,essential-accessories-for-living-room-decor-for-your-space
Art as Stress Relief: How Creativity Can Calm the Mind,Art as Stress Relief,art-as-stress-relief-how-creativity-can-calm-the-mind
How big should wall art be above a sofa?,wall art above a sofa,how-big-should-wall-art-be-above-a-sofa
Japandi Home Decor: A Calm and Minimal Blend of East Meets West,Japandi Home Décor,japandi-home-decor-a-calm-blend-of-east-meets-west
What Is Minimalist Wall Art: Simplicity That Speaks Volumes,Minimalist Wall Art,what-is-minimalist-wall-art-simplicity-that-speaks-volumes
Wall Decor Modern Ideas to Refresh Any Room,Wall Decor Modern Ideas,wall-decor-modern-ideas-to-refresh-any-room
Art Print vs Poster: What’s the Difference and Which Should You Choose?,Art Print vs Poster,art-print-vs-poster-what-s-the-difference-and-which-should-you-choose
The Role of Colour in Office Spaces: Create Productivity Through Design,Colour in Office Spaces,the-role-of-colour-in-office-spaces-create-productivity-through-design
Tips for Using Wall Art Decor for Bedroom to Elevate Your Space,Wall Art Decor for Bedroom,tips-for-using-wall-art-decor-for-bedroom-to-elevate-your-space
Why Art Matters in Offices: Boost Productivity and Inspire Creativity,Why Art Matters in Offices,the-surprising-ways-art-can-transform-your-workspace
,,
,,
,,
,,
,,
,,
,,
,,
,,
,,
,,
,,
,,
,,
,,
,,
,,
,,
,,
,,
,,
,,
,,
,,
,,
,,
,,
,,
,,
,,
,,
,,
,,
,,
,,
,,
,,
,,
,,
,,
,,
,,
,,
,,
,,
,,
,,
,,
,,
,,
,,
,,
,,
,,
,,
,,
,,
,,
,,
,,
,,
,,
,,
,,
,,
,,
,,
,,
,,
,,
,,
,,
,,
,,
,,
,,
,,
,,
,,
,,
,,
,,
,,
,,
,,
,,
,,
,,
,,
,,
,,
,,
,,
,,
,,
,,
,,
,,
,,
,,
,,
,,
,,
,,
,,
,,
,,
,,
,,
,,
,,
,,
,,
,,
,,
,,
,,
,,
,,
,,
,,
,,
,,
,,
,,
,,
,,
,,
,,
,,
,,
,,
,,
,,
,,
,,
,,
,,
,,
,,
,,
,,
,,
,,
,,
,,
,,
,,
,,
,,
,,
,,
,,
,,
,,
,,
,,
,,
,,
,,
,,
,,
,,
,,
,,
,,
,,
,,
,,
,,
,,
,,
,,
,,
,,
,,
,,
,,
,,
,,
,,
,,
,,
,,
,,
,,
,,
,,
,,
,,
,,
,,
,,
,,
,,
,,
,,
,,
,,