Top queries,Clicks,Impressions,CTR,Position
about wall art,96,151,63.58%,1.21
living room pictures,49,7753,0.63%,5.31
what is the 3-5-7 rule in decorating? give examples of 3-item groupings,37,365,10.14%,2.88
bathroom art ideas,33,4037,0.82%,3.97
write for us home decor,33,229,14.41%,8.48
pictures for living room,30,6231,0.48%,4.74
wall pictures for living room,25,8708,0.29%,4.17
aboutwallart,24,39,61.54%,1.03
islamic wall art,22,9623,0.23%,7.66
quirky kitchen wall art,22,1995,1.1%,9.5
types of wall art,22,711,3.09%,5.8
interior design,21,12819,0.16%,1.58
waterproof art for bathroom,18,370,4.86%,5.38
wall art,17,11333,0.15%,12.65
yes,17,767,2.22%,14.29
what is the 3-5-7 rule of decorating? give examples of 3-item groupings,17,278,6.12%,1.53
old money interior design,16,994,1.61%,6.11
classy bathroom wall art,13,7001,0.19%,5.07
what is the 3-5-7 rule for decorating? give examples of 3-item groupings,13,125,10.4%,1.35
wall art decor,12,9007,0.13%,5.94
what colour goes with grey,12,4167,0.29%,6.31
bathroom wall art ideas,12,3237,0.37%,5.38
islamic wall art for living room,12,890,1.35%,5.05
old money home decor,10,511,1.96%,5.67
grey walls,9,3229,0.28%,2.88
set of 3 wall art for living room,9,1201,0.75%,6.11
small bathroom wall decor ideas,9,806,1.12%,5.77
islamic wall art uk,9,615,1.46%,8.04
masculine decor,9,489,1.84%,6.76
moisture resistant art for bathroom,9,93,9.68%,4.46
write for us + home decor,9,49,18.37%,5.94
home decor ideas thehometrotters,8,5531,0.14%,8.52
kitchen wall art ideas,8,1592,0.5%,9.96
cherry blossom art,8,1517,0.53%,5.37
bedroom prints set of 3,8,652,1.23%,6.46
what is wall art,8,565,1.42%,2.57
above fireplace art,8,278,2.88%,5.69
"home decor ""write for us""",8,168,4.76%,12.87
pictures for bedroom,7,3455,0.2%,3.99
masculine home decor,7,514,1.36%,8.15
wall art for office at work,7,369,1.9%,7.41
wall art for grey walls,7,305,2.3%,5.95
3 5 7 rule interior design,7,199,3.52%,2.56
what is the 3-5-7 rule in decorating? show me examples of 5-item groupings,7,189,3.7%,16.75
3-5-7 rule in interior design,7,69,10.14%,1.83
write for us home design,7,26,26.92%,9.85
framed wall art for living room,6,3571,0.17%,9.26
what colours go with grey,6,2681,0.22%,6.67
set of 3 wall art,6,2661,0.23%,10.07
colours that go with grey,6,2426,0.25%,8.5
does grey and beige go together,6,1531,0.39%,2.75
what colours go with grey walls,6,1449,0.41%,10.39
professional office wall art,6,1385,0.43%,4.93
studio apartment design ideas,6,1347,0.45%,1.56
picture for living room,6,1023,0.59%,3.94
does beige go with grey,6,929,0.65%,2.65
bathroom artwork ideas,6,860,0.7%,4.83
fireplace art,6,441,1.36%,5.99
art for above fireplace,6,266,2.26%,6.48
framed botanical prints set of 3,6,242,2.48%,5.75
wall art trends 2026,6,239,2.51%,12.05
moisture proof picture frames bathroom,6,163,3.68%,7.25
home decor write for us,6,150,4%,7.51
waterproof bathroom art,6,126,4.76%,5.67
what is the 3-5-7 rule of decorating? show me examples of 5-item groupings,6,49,12.24%,10.96
"write for us ""home decor""",6,11,54.55%,17.55
bedroom wall art,5,14911,0.03%,4.62
unique wall art for living room,5,5487,0.09%,6.64
bathroom wall decor,5,3828,0.13%,9.12
teal wall art,5,2556,0.2%,5.93
pictures for living room wall,5,1859,0.27%,3.5
bedroom wall art ideas,5,1829,0.27%,6.73
cherry blossom wall art,5,1124,0.44%,6.72
3 5 7 rule,5,869,0.58%,5.27
old money interior,5,692,0.72%,5.18
modern islamic wall art,5,639,0.78%,8.37
set of 3 wall art for bedroom,5,610,0.82%,5.21
old money house interior,5,429,1.17%,5.2
small studio design ideas,5,297,1.68%,1.23
colors that go with grey walls,5,295,1.69%,5.59
livingroom pictures,5,239,2.09%,3.99
behind toilet wall ideas,5,238,2.1%,8.08
"home decor + ""write for us""",5,177,2.82%,13.47
wall art types,5,174,2.87%,3.4
types of wall art painting,5,100,5%,3.32
waterproof wall art for bathroom,5,55,9.09%,4.76
write for us home interior,5,35,14.29%,15.54
bathroom safe artwork,5,34,14.71%,3.32
art for bathroom humidity,5,27,18.52%,1.89
write for us art,5,19,26.32%,45.05
japanese wall art,4,7507,0.05%,7.05
wall art for bedroom,4,7484,0.05%,6.56
office artwork,4,5464,0.07%,10.34
unique wall art,4,2688,0.15%,16.34
studio room design,4,1459,0.27%,1.04
hallway art,4,945,0.42%,13.37
asian home decor,4,718,0.56%,12.04
old money decor,4,685,0.58%,8.07
3-5-7 rule,4,682,0.59%,5.91
luxury classy bathroom wall art,4,646,0.62%,2.64
hallway art ideas,4,620,0.65%,8.27
what colours go with grey walls bedroom,4,534,0.75%,4.93
japanese cherry blossom wall art,4,534,0.75%,8.21
pictures for the living room,4,524,0.76%,4.25
french country wall decor,4,523,0.76%,5
classy bathroom wall art uk,4,523,0.76%,5.55
3 pictures above bed,4,481,0.83%,1.53
old money furniture,4,473,0.85%,6.48
what colour goes with light grey,4,364,1.1%,5.68
types of wall art prints,4,306,1.31%,6.41
relaxing wall art for bedroom,4,306,1.31%,7.56
japandi home decor,4,288,1.39%,11.78
black and white art styles,4,284,1.41%,2.88
colour that goes with grey,4,265,1.51%,7.51
waterproof wall art,4,219,1.83%,7.69
high ceiling wall decor ideas,4,192,2.08%,6.1
3-5-7 rule interior design,4,177,2.26%,3.39
décoration islamique,4,172,2.33%,9.48
old money style interior design,4,162,2.47%,4.91
wall decor trends 2026,4,132,3.03%,7.42
black and gold bathroom wall decor,4,125,3.2%,2.85
colours and emotions in art,4,108,3.7%,1.95
3-5-7 rule decorating,4,105,3.81%,2.52
old money interior design style,4,82,4.88%,2.4
waterproof frames for bathroom,4,77,5.19%,6.36
décoration islamique murale,4,74,5.41%,6.3
what is the 3 5 7 rule in interior design,4,41,9.76%,1.88
2026 wall art trends,4,37,10.81%,9.51
bathroom safe wall art,4,35,11.43%,3.74
can you mix abstract and traditional art,4,14,28.57%,2.07
décoration,4,8,50%,3
living room decor ideas,3,10794,0.03%,6.39
living room wall decor ideas,3,7894,0.04%,9.23
office decor ideas,3,5374,0.06%,6.76
wall art for living room,3,4118,0.07%,6.54
living room wall art,3,3773,0.08%,5.04
office wall art,3,3345,0.09%,21.74
living room art,3,2770,0.11%,6.59
framed wall pictures for living room,3,2603,0.12%,7.77
bathroom wall decor modern,3,2486,0.12%,4.12
bathroom wall art,3,2165,0.14%,12.27
bedroom art ideas,3,2095,0.14%,5.97
bedroom art prints,3,1827,0.16%,9.67
colors that go with grey,3,1696,0.18%,3.11
laundry room wall art,3,1662,0.18%,4.34
scandinavian wall art,3,1627,0.18%,10.11
what goes with grey,3,1480,0.2%,5.61
christian wall art for living room,3,1401,0.21%,8.58
chinoiserie wall art,3,1377,0.22%,7.25
bathroom pictures,3,1359,0.22%,19.65
office artwork ideas,3,1228,0.24%,10.71
living room wall pictures,3,1158,0.26%,5.39
copper wall art,3,1135,0.26%,4.97
boho wall art,3,1022,0.29%,15.15
pictures for bathroom walls,3,957,0.31%,6.06
pictures for bedroom above bed,3,953,0.31%,2.86
pictures for a living room,3,786,0.38%,4.1
what is the 3-5-7 rule in interior design?,3,722,0.42%,2.48
bedroom art,3,664,0.45%,19.63
what colour goes well with grey,3,658,0.46%,7.54
islamic art wall,3,611,0.49%,18.9
lounge pictures,3,587,0.51%,8.17
do beige and gray go together,3,545,0.55%,3.61
pictures for the bathroom,3,545,0.55%,4.85
3 wall art set,3,545,0.55%,6.74
bathroom art,3,497,0.6%,18.17
art above fireplace,3,439,0.68%,7.05
wall art islamic,3,384,0.78%,7.78
black and white prints set of 3,3,372,0.81%,5.03
decoration islam,3,339,0.88%,7.15
asian decor ideas,3,336,0.89%,7.5
boho wall art for living room,3,308,0.97%,8.68
canvas for living room,3,290,1.03%,10.24
kitchen artwork ideas,3,252,1.19%,9.15
can grey and beige go together,3,237,1.27%,9.62
art in offices,3,235,1.28%,11.49
what colours go with grey walls living room,3,219,1.37%,5.44
set of 3 pictures for living room,3,215,1.4%,5.71
colours that go with grey walls,3,212,1.42%,5.04
colour language,3,190,1.58%,2.23
art moderne interior design,3,187,1.6%,6.99
artwork for above fireplace,3,181,1.66%,6.78
art for bathroom walls ideas,3,178,1.69%,5.62
what color goes with gray walls,3,174,1.72%,3.96
what colours go with dark grey walls,3,161,1.86%,4.49
waterproof bathroom picture frames,3,158,1.9%,5.68
masculine interior design styles,3,157,1.91%,5.25
relax soak unwind wall art,3,153,1.96%,5.86
old money living room ideas,3,137,2.19%,6.41
home decor stress levels,3,132,2.27%,5.08
french wall decor,3,132,2.27%,9.32
wall art definition,3,124,2.42%,2.34
different types of wall art,3,116,2.59%,3.16
old money style living room,3,114,2.63%,5.29
wall art for grey walls living room,3,106,2.83%,2.17
art mural islamique,3,99,3.03%,4.81
decoration islamic,3,99,3.03%,5.31
colour symbolism,3,95,3.16%,3.49
decoration islamique,3,95,3.16%,5.8
pictures for a living room wall,3,92,3.26%,6.39
old money style furniture,3,92,3.26%,6.52
types of wall art styles,3,87,3.45%,3.49
large wall art for high ceilings,3,87,3.45%,3.51
write for us + interior design,3,85,3.53%,12.44
bathroom safe art,3,74,4.05%,3.19
colour and emotion in art,3,72,4.17%,2.62
modern living room ideas,3,68,4.41%,4.21
what paint colour goes with grey,3,62,4.84%,2.95
write for us + furniture,3,59,5.08%,15.44
what colours look good with grey walls,3,56,5.36%,3.21
interior design for living room,3,46,6.52%,8.76
old money apartment decor,3,42,7.14%,4.38
house beautiful,3,35,8.57%,3.29
wall mounted shoe horn,3,33,9.09%,7.15
home decor guest post,3,32,9.38%,12.03
japanese wall art set of 3,3,27,11.11%,4.52
southeast asian decor,3,25,12%,6.52
color and emotion in art,3,24,12.5%,5.71
hans wegner chair,3,6,50%,1.33
wall art ideas for bedroom,2,38251,0.01%,4.25
black and white wall decor,2,13772,0.01%,3.46
wall art ideas,2,6592,0.03%,5.24
office art,2,4044,0.05%,13.71
what colors go with grey,2,3534,0.06%,4.45
prints for living room,2,3154,0.06%,9.95
office wall decor,2,3148,0.06%,14
bathroom wall decor ideas,2,3124,0.06%,6.98
decorating,2,2867,0.07%,1.15
wall art unique,2,2520,0.08%,9.26
wall art sets,2,2305,0.09%,16.3
wall art living room,2,2175,0.09%,6.34
large framed wall pictures for living room,2,1965,0.1%,5.17
bathroom picture ideas,2,1903,0.11%,11.35
framed prints for living room,2,1888,0.11%,11.84
what colors go with gray,2,1886,0.11%,1.22
laundry room art,2,1884,0.11%,4.8
bathroom art decor,2,1841,0.11%,4.47
framed wall art for bedroom,2,1762,0.11%,8.16
family wall art,2,1478,0.14%,9.49
beige and grey,2,1471,0.14%,3.73
living room pictures for wall,2,1383,0.14%,5.26
islamic calligraphy wall art,2,1341,0.15%,5.56
does beige and grey go together,2,1290,0.16%,2.88
art work for living room,2,1210,0.17%,7.56
beige grey,2,1192,0.17%,2.29
bathroom pictures for wall,2,1166,0.17%,6.08
calming wall art,2,1136,0.18%,8.37
office wall decor ideas,2,1113,0.18%,7.09
pictures for the wall,2,1098,0.18%,5.3
living room picture ideas,2,1098,0.18%,6.69
how to decorate a living room,2,1058,0.19%,1.32
3 picture wall art,2,1012,0.2%,5.22
do grey and beige go together,2,875,0.23%,2.93
neutral wall art for living room,2,870,0.23%,4.57
does cream and grey go together,2,835,0.24%,7.06
do beige and grey go together,2,823,0.24%,3.38
bathroom wall pictures,2,819,0.24%,9.07
what is the 3-5-7 rule in decorating?,2,783,0.26%,9.69
framed bathroom wall art,2,762,0.26%,7.29
laundry room artwork,2,731,0.27%,2.82
3 set wall art,2,702,0.28%,6.03
oversized wall art for living room,2,697,0.29%,8.43
wall decor for living room,2,680,0.29%,6.41
20x30 cm frame,2,659,0.3%,2.66
laundry room decor,2,650,0.31%,10.21
beige and grey combination,2,645,0.31%,9.19
bathroom prints,2,623,0.32%,9.43
pictures for lounge,2,615,0.33%,6.05
hallway wall art ideas,2,615,0.33%,9.72
wall art for office,2,614,0.33%,21.47
does grey go with beige,2,576,0.35%,3.19
calming office decor ideas,2,546,0.37%,13.87
a3 wall art,2,544,0.37%,5.11
old money living room,2,538,0.37%,6.05
christian wall art for bedroom,2,517,0.39%,6.41
empty spaces wall art,2,515,0.39%,5.08
home office artwork ideas,2,506,0.4%,17.68
what colour compliments grey,2,503,0.4%,13.21
interior decorating ideas,2,492,0.41%,2.4
what colour goes with grey walls,2,474,0.42%,5.21
teal painting,2,453,0.44%,2.15
islamic frames for living room,2,446,0.45%,3.07
office art ideas,2,433,0.46%,15.13
family tree picture,2,425,0.47%,2.45
laundry wall art,2,418,0.48%,5.27
modern christian wall art for living room,2,415,0.48%,7.58
photos for bedroom wall,2,408,0.49%,4.03
pictures living room,2,401,0.5%,3.47
lounge decor ideas,2,400,0.5%,3.82
utility room wall art,2,359,0.56%,4.48
frame sizes for wall art,2,349,0.57%,2.72
set of 3 pictures for hallway,2,339,0.59%,6.09
art print vs poster,2,339,0.59%,7.08
living room pictures ideas,2,321,0.62%,5.31
zen decor,2,317,0.63%,12.76
farmhouse bedroom wall decor,2,310,0.65%,1.41
colours that match with grey,2,302,0.66%,2.72
islamic wall art with frame,2,298,0.67%,3.86
zen art,2,291,0.69%,5.84
bedroom picture ideas,2,286,0.7%,2.12
framed bedroom pictures,2,282,0.71%,7.29
floral prints for wall,2,276,0.72%,5.75
framed islamic wall art,2,262,0.76%,9.27
black and white photos for wall,2,257,0.78%,5.4
nancy meyers,2,251,0.8%,3.5
what color goes with grey walls,2,239,0.84%,4.84
which colour matches with grey,2,238,0.84%,1.66
home interior design,2,235,0.85%,5.52
preppy living room,2,233,0.86%,6.27
living room,2,217,0.92%,3.52
wall art for family room,2,217,0.92%,4.48
living room prints set of 3,2,211,0.95%,8.17
wall art above fireplace,2,207,0.97%,5.58
colour meaning in art,2,198,1.01%,5.51
set of 3 botanical prints,2,196,1.02%,9.07
what is the 3-5-7 rule for decorating?,2,195,1.03%,3.14
boho wall art for bedroom,2,193,1.04%,7.13
botanical prints for bathroom,2,183,1.09%,5.57
powder room wall art,2,182,1.1%,11.66
laundry pictures,2,179,1.12%,2.4
set of 3 pictures for bedroom,2,179,1.12%,3.56
wall decor for laundry room,2,178,1.12%,6.31
colors that match with gray,2,176,1.14%,1.01
wall art ideas for kitchen,2,174,1.15%,9.4
black and white wall art set of 3,2,162,1.23%,2.81
old money dining room,2,160,1.25%,5.91
botanical wall art,2,157,1.27%,4.59
trending wall art 2026,2,156,1.28%,13.21
set of 3 prints for bedroom,2,154,1.3%,7.18
what colors go best with gray,2,153,1.31%,2.18
interior design write for us,2,152,1.32%,15.74
wall art styles,2,151,1.32%,5.83
artwork above fireplace,2,151,1.32%,6.5
christian wall art uk,2,149,1.34%,9.26
beige and gray color combination,2,147,1.36%,2.55
color symbolism in art,2,146,1.37%,5.07
art over fireplace,2,136,1.47%,7.57
cherry blossom japanese art,2,132,1.52%,4.39
scandi wall art for living room,2,125,1.6%,7.1
si,2,125,1.6%,12.4
set of 3 wall art black and white,2,124,1.61%,3.86
japanese wall art decor,2,124,1.61%,5.71
pictures for front room,2,121,1.65%,5.06
write for us interior design,2,116,1.72%,16.87
what colour furniture goes with grey walls living room,2,112,1.79%,6.97
old money style home,2,111,1.8%,6.32
relaxing wall art for bathroom,2,108,1.85%,7.77
toilet wall art ideas,2,105,1.9%,6.22
what goes with grey walls,2,102,1.96%,4.64
does light grey and beige go together,2,99,2.02%,3.27
japanese art cherry blossom,2,99,2.02%,4.47
calming home decor,2,99,2.02%,10.24
manly decor,2,98,2.04%,6.13
living room.pictures,2,96,2.08%,3.5
empty spaces brand wall art,2,96,2.08%,8.25
set of 3 prints for living room,2,94,2.13%,8.17
living room islamic wall art,2,92,2.17%,3.52
wall decor meaning,2,87,2.3%,2.99
colour to go with grey,2,85,2.35%,4.51
how to decorate this wall,2,77,2.6%,2.45
art for grey walls,2,75,2.67%,2.17
ceiling art ideas,2,75,2.67%,8.92
old money interiors,2,74,2.7%,4.18
3 5 7 rule decorating,2,72,2.78%,2.72
above fireplace wall art,2,72,2.78%,5.25
decorate my room,2,72,2.78%,17.85
birthstone gifts not jewelry,2,68,2.94%,8.97
set of 3 bedroom prints,2,66,3.03%,7.27
wall art for high ceiling living room,2,65,3.08%,1.05
islamic wall frames for living room,2,65,3.08%,4.46
waterproof frame for bathroom,2,64,3.12%,10.56
wall pictures black and white,2,63,3.17%,2.37
room picture,2,62,3.23%,4.18
set of 3 framed pictures,2,62,3.23%,5.61
nature inspired wall decor,2,62,3.23%,6.13
mixing art styles in living room,2,59,3.39%,2.25
old money living room design,2,59,3.39%,5.54
can beige go with grey,2,57,3.51%,2.14
ideas for office walls,2,57,3.51%,3.33
bedroom,2,57,3.51%,3.82
wall decor types,2,53,3.77%,5.81
3 5 7 decorating rule,2,51,3.92%,5.57
large set of 3 wall art for living room,2,51,3.92%,6.73
gallery wall small space,2,50,4%,8.84
wall art bundle,2,49,4.08%,6.63
best colours that go with grey,2,49,4.08%,7.35
diy accent wall ideas,2,48,4.17%,10.17
type of wall art,2,46,4.35%,3.98
set of 3 floral wall art,2,45,4.44%,8.2
357 rule in decorating,2,44,4.55%,3.11
islamic wall art for living room uk,2,43,4.65%,2.44
waterproof art for shower,2,43,4.65%,5.74
bathroom wall decorations,2,43,4.65%,19.95
what is the 3-5-7 rule in decorating,2,42,4.76%,3.36
above toilet decor ideas,2,42,4.76%,9.43
japanese art for bedroom,2,41,4.88%,1.88
artwork for high ceilings,2,41,4.88%,2.93
does beige and silver go together,2,40,5%,3.23
coffee prints for kitchen,2,40,5%,5.95
butterfly room decor,2,40,5%,8.93
art for small bathroom,2,39,5.13%,6.08
da,2,39,5.13%,7.97
bathroom wall frame ideas,2,38,5.26%,6.37
bathroom art inspiration,2,38,5.26%,9.45
how to arrange furniture in a small living room,2,37,5.41%,1.41
old money wall decor,2,37,5.41%,7.65
feng shui bedroom wall art,2,36,5.56%,7
colours that go with light grey walls,2,35,5.71%,2.46
islamic wall decor ideas,2,34,5.88%,6.79
art and interior design,2,34,5.88%,7
anniversary wall art,2,34,5.88%,7.79
botanical prints,2,34,5.88%,8.82
islamic wall arts,2,34,5.88%,10.88
what to put on back of toilet for decoration,2,33,6.06%,6.55
wall behind toilet,2,31,6.45%,8.29
beige and grey room,2,28,7.14%,7.46
laundry room painting,2,26,7.69%,1.96
help me decorate,2,26,7.69%,3.69
can you wear beige with grey,2,25,8%,4.24
waterproof art,2,24,8.33%,5.17
paintings for above fireplace,2,24,8.33%,5.29
large islamic frames for living room,2,24,8.33%,6.62
dark grey with beige,2,23,8.7%,5.52
french country bedroom wall decor,2,22,9.09%,2.77
botanical bedroom decor ideas,2,21,9.52%,4.43
sim,2,20,10%,8.2
japanese cherry blossom painting,2,20,10%,9.15
relaxation wall art,2,20,10%,14.5
sleep wall art,2,18,11.11%,8.78
three prints wall art,2,17,11.76%,5.47
show images,2,17,11.76%,14.12
beige et gris ensemble,2,16,12.5%,1.94
classy kitchen art,2,16,12.5%,7.06
corridor wall painting ideas,2,14,14.29%,4.93
wall art 2026 trends,2,12,16.67%,6.42
revetement mural wc,2,11,18.18%,2.73
seasonal decor,2,10,20%,2.5
decorate this wall,2,10,20%,2.6
modern grey and cream living room ideas,2,9,22.22%,2.56
waterproof picture frame for shower,2,9,22.22%,9.89
deco mural islam,2,7,28.57%,6.71
decoracion pared baño,2,3,66.67%,5
home design write for us,2,3,66.67%,32.33
coussins originaux pour canapé,2,2,100%,2.5
thehometrotters blog home ideas,1,17265,0.01%,11.64
modern wall art,1,7102,0.01%,12.71
christian wall art,1,6801,0.01%,8.16
black and white wall art,1,5678,0.02%,9.95
living room ideas,1,4599,0.02%,1.48
bedroom decor ideas,1,4353,0.02%,12.41
decorations,1,3576,0.03%,1.03
room decor ideas,1,3417,0.03%,2.4
bedroom wall decor ideas,1,3307,0.03%,5.41
christian wall decor,1,3261,0.03%,8.67
hopepara com,1,2632,0.04%,22.42
paintings for living room,1,2395,0.04%,6.02
wall prints for living room,1,2378,0.04%,10.65
framed wall art,1,2365,0.04%,12.19
neutral wall art,1,2295,0.04%,15.25
what color goes with grey,1,2209,0.05%,8.91
wall designs for living room,1,2208,0.05%,7.84
living room design ideas,1,2193,0.05%,3.26
wall art bedroom,1,2163,0.05%,6.54
large artwork for living room,1,2057,0.05%,8.03
wabi sabi wall art,1,1970,0.05%,7
pictures for bathroom,1,1878,0.05%,5.8
japandi wall art,1,1849,0.05%,6.95
kitchen wall art,1,1847,0.05%,10.19
set of three wall art,1,1811,0.06%,8.78
prints for bathroom,1,1795,0.06%,8.58
london wall art,1,1760,0.06%,9.84
wall decor ideas for living room,1,1745,0.06%,9.6
modern wall art for living room,1,1694,0.06%,4.36
bedroom canvas,1,1685,0.06%,6.91
wall pictures for bedroom,1,1678,0.06%,3.91
how to decorate,1,1625,0.06%,1.37
contemporary wall art,1,1614,0.06%,9.56
wall art set of 3,1,1608,0.06%,7.57
prints for bedroom,1,1533,0.07%,9.91
beige,1,1472,0.07%,2.36
wall art prints for living room,1,1465,0.07%,8.83
office pictures for wall,1,1293,0.08%,6.02
sage green interior design trends,1,1279,0.08%,2.19
decorating ideas for living room,1,1278,0.08%,6.48
what color goes with gray,1,1273,0.08%,5.98
large prints for living room,1,1243,0.08%,8.99
hallway prints,1,1229,0.08%,8.76
wall decoration ideas for living room,1,1209,0.08%,6.86
grey beige,1,1200,0.08%,3.98
set of 3 prints,1,1200,0.08%,10.25
bedroom pictures for wall,1,1188,0.08%,3.93
framed art work,1,1185,0.08%,12.48
bathroom wall art decor,1,1161,0.09%,5.22
black and white framed art,1,1159,0.09%,4.57
word wall art,1,1150,0.09%,4.5
how to decorate living room with simple things,1,1146,0.09%,1.49
wall art for large wall,1,1139,0.09%,7.93
living room picture,1,1136,0.09%,3.66
flower wall art,1,1135,0.09%,4.31
asian wall art,1,1131,0.09%,5.19
frame sizes on wall,1,1103,0.09%,3.11
studio design ideas,1,1030,0.1%,2.29
lounge wall art,1,1018,0.1%,4.81
asian decor,1,1013,0.1%,16.07
decorating ideas,1,970,0.1%,1.94
colors that go with gray,1,948,0.11%,1.78
studio apartment design,1,930,0.11%,1.69
bathroom framed art,1,907,0.11%,6.11
does beige go with gray,1,894,0.11%,2.88
bathroom wall prints,1,861,0.12%,8.72
pictures for room,1,859,0.12%,3.74
canvas painting for living room,1,833,0.12%,14.89
wall picture for living room,1,832,0.12%,6.35
prints for kitchen,1,832,0.12%,11.06
laundry room art ideas,1,810,0.12%,4.46
boho art,1,807,0.12%,5.73
artwork for kitchen,1,807,0.12%,6.76
black and gold bathroom decor,1,781,0.13%,2.73
unique classy bathroom wall art,1,769,0.13%,3.52
interior design ideas,1,760,0.13%,3.99
framed bathroom art,1,752,0.13%,7.88
contemporary wall art for living room,1,740,0.14%,3.89
framed pictures for bedroom,1,733,0.14%,7.51
islamic wall decor,1,729,0.14%,10.47
what colours go with light grey,1,721,0.14%,10.16
modern christian wall art,1,719,0.14%,10.06
art for offices,1,715,0.14%,19.3
shabby chic wall art,1,702,0.14%,4.67
framed wall art set of 2,1,690,0.14%,8.9
nyc wall art,1,680,0.15%,7.67
what matches with grey,1,661,0.15%,2.32
pictures for bedrooms,1,650,0.15%,3.93
picture for bedroom wall,1,646,0.15%,3.79
living room art work,1,641,0.16%,5.2
prints for hallway,1,632,0.16%,7.87
beach wall art for living room,1,631,0.16%,3.17
cool office art,1,625,0.16%,9.64
what colors go good with gray,1,620,0.16%,5.01
wall decor for bathroom,1,604,0.17%,17.48
beige colour,1,603,0.17%,1.27
big pictures for living room,1,596,0.17%,6.28
framed prints for bedroom,1,585,0.17%,9.92
large living room art,1,583,0.17%,5.44
wall art prints uk,1,581,0.17%,12.41
art work for bedroom,1,574,0.17%,7.75
modern coastal wall decor,1,561,0.18%,1.87
black and white wall decor for living room,1,561,0.18%,2.8
office artwork for walls,1,560,0.18%,7.52
pictures for childrens bedrooms,1,555,0.18%,10.65
picture for living room wall,1,527,0.19%,4.72
room decor,1,523,0.19%,7.25
art for your office,1,520,0.19%,27.24
large wall decor ideas,1,518,0.19%,7.11
living room posters,1,517,0.19%,6.03
home decoration ideas,1,513,0.19%,6.12
zen wall art,1,511,0.2%,4.49
beige and gray,1,503,0.2%,3.59
best colour to go with grey,1,503,0.2%,14.24
pictures for above bed,1,501,0.2%,5.76
arabic wall art,1,500,0.2%,6.5
bathroom prints framed,1,499,0.2%,19.11
art for office space,1,497,0.2%,19.57
japanese cherry blossom art,1,493,0.2%,7.74
modern bathroom art,1,491,0.2%,3.17
gray and beige,1,489,0.2%,2.82
decor ideas,1,485,0.21%,1.91
light grey walls,1,480,0.21%,12.44
scandi art,1,478,0.21%,6.7
canvas painting ideas for living room,1,477,0.21%,5.51
3 pictures wall art,1,477,0.21%,8.2
minimalist wall art,1,472,0.21%,28.02
bathroom picture decor,1,471,0.21%,6.15
pictures for a bedroom,1,467,0.21%,5.31
set of 2 wall art,1,464,0.22%,12.69
art decor ideas,1,464,0.22%,13.97
persian wall art,1,459,0.22%,10.56
office art work,1,456,0.22%,8.48
bohemian art,1,454,0.22%,6.55
wall art for mens bedroom,1,452,0.22%,6.1
professional office wall decor ideas,1,448,0.22%,5.72
studio room ideas,1,442,0.23%,1.38
pictures for office,1,437,0.23%,3.78
small living room ideas,1,436,0.23%,4.18
scandinavian art,1,434,0.23%,14.49
spring decor,1,427,0.23%,1.44
what size picture frame do i need,1,425,0.24%,7.56
grey artwork,1,421,0.24%,4.7
wall decorations for living room,1,419,0.24%,5.84
home decorating ideas,1,416,0.24%,4.63
studio apartment hacks,1,405,0.25%,36.62
decorative wall art,1,404,0.25%,9.85
picture for room,1,403,0.25%,3.12
living room wall decor ideas modern,1,403,0.25%,9.64
pictures for the bedroom,1,400,0.25%,3.11
islamic wall frames,1,399,0.25%,7.66
kitchen art work,1,383,0.26%,5.57
set of 3 prints wall art,1,376,0.27%,8.65
nursery wall art,1,373,0.27%,35.25
modern bathroom wall decor,1,369,0.27%,4.11
islamic art prints,1,361,0.28%,13.05
wall decoration,1,360,0.28%,7.42
bath wall art,1,350,0.29%,8.87
creative office wall design ideas,1,349,0.29%,7.71
pictures for office wall,1,341,0.29%,2.93
picture frame sizes on wall,1,341,0.29%,6.22
artwork for office space,1,340,0.29%,21.14
black and white bathroom wall art,1,337,0.3%,2.71
spiritual wall art,1,337,0.3%,8.4
what is canvas art,1,335,0.3%,5.39
kitchen art,1,334,0.3%,24.77
accent wall art,1,332,0.3%,7.22
small bathroom wall decor modern,1,331,0.3%,2.81
artwork for bedroom walls,1,331,0.3%,5.68
ideas for living room decor,1,330,0.3%,1.43
what color furniture goes with grey walls,1,328,0.3%,7.17
home office artwork,1,325,0.31%,20.86
what color goes well with grey,1,323,0.31%,5.26
large framed artwork,1,322,0.31%,8.88
framed pictures for bathroom,1,320,0.31%,7.18
colours that go with light grey,1,319,0.31%,7.32
bathroom pictures for walls,1,316,0.32%,8.31
large living room pictures for wall,1,315,0.32%,5.17
interior design tips,1,313,0.32%,2.32
corridor art,1,310,0.32%,8.11
small bathroom pictures for wall,1,306,0.33%,8.5
art work for office,1,306,0.33%,8.77
canvas paintings for living room,1,304,0.33%,9.12
wall art for bathroom,1,302,0.33%,12.71
bedroom print ideas,1,294,0.34%,4.22
mid century prints,1,291,0.34%,9.8
does gray and tan go together,1,290,0.34%,2.58
popular prints for living room,1,286,0.35%,4.94
large art over fireplace,1,286,0.35%,6.7
white wall art for bedroom,1,285,0.35%,4.77
design ideas for living room,1,284,0.35%,1.35
bed room wall art,1,282,0.35%,4.4
black and white art style,1,277,0.36%,4.55
zen room decor,1,276,0.36%,7.9
do tan and grey go together,1,275,0.36%,2.75
gold bathroom wall decor,1,274,0.36%,3.23
modern office wall art,1,274,0.36%,17.58
studio room design ideas,1,272,0.37%,1.15
office wall pictures,1,270,0.37%,3.53
artwork for offices,1,268,0.37%,22.26
luxury bathroom wall art,1,264,0.38%,6.44
wall art meaning,1,263,0.38%,1.7
home design,1,263,0.38%,2.31
do gray and beige go together,1,263,0.38%,4.3
office wall design,1,262,0.38%,13.21
tiny apartment ideas,1,260,0.38%,1.75
pictures for lounge wall,1,260,0.38%,2.61
bathroom prints set of 3,1,260,0.38%,6.88
best color combination with grey,1,259,0.39%,2.53
modern grey and beige living room,1,258,0.39%,9.56
sun and moon wall art,1,256,0.39%,6.05
wall art for living room black and white,1,253,0.4%,11.72
empty spaces art,1,252,0.4%,8.27
living room pictures with frames,1,251,0.4%,8.61
interior design courses,1,250,0.4%,2.46
pictures for laundry room,1,248,0.4%,3.38
cheap decorating ideas for living room walls,1,246,0.41%,6.74
sitting room ideas,1,245,0.41%,5.53
laundry room pictures for wall,1,243,0.41%,2.86
minimal wall art,1,241,0.41%,20.6
interior decorating terms,1,238,0.42%,3.71
old money room decor,1,238,0.42%,7.41
lounge wall decor,1,235,0.43%,11.31
framed classy bathroom wall art,1,234,0.43%,8.93
decor ideas for living room,1,233,0.43%,3.24
interior design masters,1,229,0.44%,2.22
small living room decor ideas,1,229,0.44%,4.41
large print for living room,1,225,0.44%,8.07
how to decorate a room,1,224,0.45%,1.52
small bathroom art,1,223,0.45%,9.57
utility room prints,1,222,0.45%,5.97
black and white framed prints for living room,1,220,0.45%,2.95
paintings for bedroom wall,1,216,0.46%,5.02
laundry art,1,213,0.47%,6.12
relaxing wall art for living room,1,213,0.47%,7.12
black framed pictures for living room,1,210,0.48%,5.32
3 pictures above king bed size,1,208,0.48%,2.08
wall frame decor living room,1,207,0.48%,3.71
what colours go with dark grey,1,207,0.48%,12.55
workplace artwork,1,204,0.49%,8.97
laundry room art prints,1,204,0.49%,9.21
modern boho wall art,1,204,0.49%,9.83
modern paintings for living room,1,203,0.49%,4.9
best framed pictures for living room,1,202,0.5%,6.9
gray and beige combination,1,201,0.5%,8.67
what is the 3-5-7 rule of decorating?,1,199,0.5%,3.69
masculine decor ideas,1,197,0.51%,4.36
creative office wall design,1,197,0.51%,7.97
laundry room wall art ideas,1,196,0.51%,2.96
over the bed pictures,1,195,0.51%,2.27
20x30 in,1,195,0.51%,2.73
hallway artwork ideas,1,195,0.51%,5.87
what colors go with gray walls,1,194,0.52%,4.44
art for bathrooms,1,189,0.53%,6.38
mens bedroom art,1,188,0.53%,6.76
empty spaces embellished art,1,188,0.53%,8.76
bathroom painting decor,1,186,0.54%,2.18
grey wall decor,1,186,0.54%,5.23
powder room wall art ideas,1,186,0.54%,6.12
help me decorate my living room,1,185,0.54%,1.7
wall art bathroom ideas,1,185,0.54%,7.24
modern islamic art,1,184,0.54%,8.91
botanical pictures for bathroom,1,183,0.55%,5.04
large living room artwork,1,183,0.55%,5.62
set of 3 art,1,183,0.55%,6.67
gray matching color,1,181,0.55%,1.01
3 wall art,1,181,0.55%,5.56
islamic prints,1,181,0.55%,13.41
japanese wall decoration,1,180,0.56%,2.37
green wall art for bathroom,1,178,0.56%,3.91
pictures for walls in living room,1,178,0.56%,4.19
how to decorate a wall,1,176,0.57%,1.28
pictures for laundry room walls,1,176,0.57%,2.44
office decor wall,1,176,0.57%,3.98
greige wall art,1,176,0.57%,8.08
colours that go with dark grey,1,176,0.57%,14.08
three pictures on wall,1,174,0.57%,1.75
paris wall art,1,173,0.58%,8.12
ideas for kitchen wall art,1,173,0.58%,14.88
what color looks good with grey,1,171,0.58%,5.73
modern bedroom art,1,170,0.59%,4.1
what colors go with grey walls,1,170,0.59%,5.01
office wall decor ideas for work,1,169,0.59%,10.47
black and white wall decor for bedroom,1,167,0.6%,3.19
bathroom pictures in frames,1,167,0.6%,3.56
bathroom wall picture ideas,1,166,0.6%,4.1
coffee art prints,1,165,0.61%,6.31
color meaning in art,1,165,0.61%,8.81
art for living rooms,1,165,0.61%,12.08
wall pictures for office,1,164,0.61%,3.98
scandinavian prints,1,163,0.61%,26.91
modern bathroom artwork,1,160,0.62%,5.45
3 framed wall art,1,160,0.62%,8.01
laundry artwork,1,159,0.63%,3.77
botanical prints wall art,1,159,0.63%,4.69
botanical bathroom decor,1,159,0.63%,6.44
islamic art wall decor,1,159,0.63%,8.4
back of toilet decor ideas,1,158,0.63%,8.64
old money interieur,1,157,0.64%,7.54
neutral wall art set of 3,1,155,0.65%,4.21
wall art for hallway entrance,1,154,0.65%,10.28
black and white bedroom prints,1,153,0.65%,5.85
art for office,1,153,0.65%,24.31
frame sizes for wall,1,152,0.66%,1.54
colors that compliment gray,1,151,0.66%,1.72
first apartment gifts,1,151,0.66%,4.93
toilet decor,1,151,0.66%,14.56
bathroom wall art black and white,1,149,0.67%,3.31
grey pictures for bedroom,1,149,0.67%,3.68
light grey and beige,1,149,0.67%,4.17
decorating walls with high ceilings,1,148,0.68%,9.34
empty spaces artwork,1,147,0.68%,7.95
art for hallway,1,145,0.69%,7.8
hallway prints set of 3,1,145,0.69%,8.41
which colours go with grey,1,145,0.69%,8.98
quirky kitchen prints,1,145,0.69%,9.97
how to decorate a small room,1,145,0.69%,20.23
framed pictures for hallway,1,143,0.7%,6.15
colour combination,1,142,0.7%,1.3
sun and moon prints,1,142,0.7%,8.06
light grey,1,140,0.71%,1.26
teal prints,1,140,0.71%,4.37
old money curtains,1,140,0.71%,9.33
wall art for above fireplace,1,139,0.72%,4.76
wall art for hallway,1,138,0.72%,12.58
hallway artwork,1,138,0.72%,16.72
poster living room,1,137,0.73%,2.53
framed wall art set,1,137,0.73%,10.52
kitchen artwork,1,136,0.74%,6.87
black and white wall pictures for living room,1,135,0.74%,3.87
muslim wall art,1,134,0.75%,7.15
pictures for utility room,1,133,0.75%,2.45
wall art for office space,1,133,0.75%,7.91
decoration murale islam,1,132,0.76%,6.16
modern wall art for bathroom,1,130,0.77%,5.36
cottagecore wall art,1,129,0.78%,3.84
house wall art,1,129,0.78%,7.51
modern kitchen wall art,1,129,0.78%,11.56
blossom art,1,128,0.78%,7.58
art in bathroom ideas,1,127,0.79%,3.22
bedroom wall picture ideas,1,125,0.8%,2.1
wall art for utility room,1,125,0.8%,4.12
art for living room,1,125,0.8%,9.38
what colours goes with grey,1,124,0.81%,6.9
black and white canvas art for living room,1,122,0.82%,4.84
wall art decor for living room,1,122,0.82%,5.66
bathroom artwork,1,122,0.82%,11.4
best canvas painting for living room,1,121,0.83%,15.96
what color match with gray,1,120,0.83%,1
manly home decor,1,120,0.83%,7.78
wall art kitchen ideas,1,118,0.85%,11.31
does dark grey and beige go together,1,117,0.85%,2.6
grey and beige color,1,117,0.85%,7.15
kitchen paintings ideas,1,117,0.85%,8.54
art for home office,1,115,0.87%,20.1
does beige and light grey go together,1,114,0.88%,3.24
does cream and gray go together,1,114,0.88%,5.55
black and white artwork for bedroom,1,114,0.88%,5.96
pictures for the bedroom wall,1,113,0.88%,2.88
living room design,1,112,0.89%,5.51
art for bedroom wall,1,112,0.89%,8.57
wall decor set of 3,1,112,0.89%,10.7
beige and light grey,1,111,0.9%,3.53
feature wall ideas,1,111,0.9%,5.14
living room pictures framed,1,111,0.9%,8.58
corridor decor ideas,1,110,0.91%,8.55
over fireplace art,1,109,0.92%,6.53
modern laundry room art,1,108,0.93%,5.22
picture for above fireplace,1,108,0.93%,7.22
painting above fireplace,1,108,0.93%,7.24
nature inspired wall art,1,107,0.93%,7.63
a4 wall art,1,106,0.94%,4.52
pictures for over fireplace,1,106,0.94%,5.41
kitchen wall picture ideas,1,106,0.94%,14.41
does grey and beige go together in living room,1,105,0.95%,3.3
wall art sets of 3,1,105,0.95%,7.55
wall art boho,1,105,0.95%,11.34
corridor decoration,1,104,0.96%,9.85
paintings for living room ideas,1,103,0.97%,2.82
cuadros para baños,1,103,0.97%,23.96
breakfast nook wall decor,1,102,0.98%,10.26
prints for laundry room,1,101,0.99%,5.62
calming wall art for bedroom,1,101,0.99%,7.97
large wall art for living room,1,101,0.99%,10.13
sets of 3 wall art,1,100,1%,6.31
color that compliments gray,1,99,1.01%,1
room pictures,1,99,1.01%,2.94
pictures for room decor,1,99,1.01%,2.97
modern art above fireplace,1,99,1.01%,6.92
which color matches with grey,1,98,1.02%,1
3-5-7 rule in decorating,1,98,1.02%,2.61
painting for bedroom wall,1,98,1.02%,3.23
framed wall art for kitchen,1,98,1.02%,3.35
pictures for living room uk,1,98,1.02%,3.44
living room.artwork,1,98,1.02%,7.44
home office wall decor ideas,1,98,1.02%,12.38
calming bedroom wall art,1,97,1.03%,9.86
a4 20x30,1,96,1.04%,1.6
black and white art style name,1,96,1.04%,5.51
dressing room decor,1,96,1.04%,6.02
canvas art definition,1,95,1.05%,3.99
wall art teal,1,95,1.05%,4.07
waterproof bathroom wall art,1,95,1.05%,5.77
stunning wall art,1,95,1.05%,10.23
3 piece picture frame,1,94,1.06%,5.63
ja,1,94,1.06%,14.53
can beige and grey go together,1,93,1.08%,4.44
scandi style wall art,1,93,1.08%,11.51
wall art wholesale,1,93,1.08%,29.16
living room canvas painting ideas,1,92,1.09%,4.99
religious wall art for living room,1,92,1.09%,5.15
décoration islam moderne,1,92,1.09%,9.75
black and white art for bedroom,1,91,1.1%,2.97
decoration ideas for home,1,91,1.1%,3.53
poster for living room,1,91,1.1%,5.62
art for home decor,1,91,1.1%,9.29
islamic modern wall art,1,91,1.1%,11.7
decorate,1,90,1.11%,4.17
gold wall art for bathroom,1,90,1.11%,4.7
pictures for above fireplace,1,90,1.11%,6.4
islamic calligraphy art,1,89,1.12%,3.57
studio flat decor ideas,1,89,1.12%,4.22
personalised family gifts,1,89,1.12%,10.29
gifts for first apartment,1,88,1.14%,4.1
set of 3 black and white wall art,1,88,1.14%,4.86
zodiac wall art,1,88,1.14%,4.88
home interior pictures,1,88,1.14%,9.19
grey carpet beige walls,1,87,1.15%,2.23
old money style room,1,87,1.15%,6.69
trendy wall art,1,87,1.15%,9.26
20*30 frame size,1,86,1.16%,1.34
prints for utility room,1,86,1.16%,6.74
behind toilet decor,1,86,1.16%,7.14
gold wall art for living room,1,86,1.16%,20.58
marble artwork,1,85,1.18%,6
bathroom frame ideas,1,85,1.18%,6.41
wall art home office,1,85,1.18%,13.85
paintings for offices,1,85,1.18%,17.48
pictures for over bed,1,84,1.19%,3.58
wall art for living room set of 3,1,84,1.19%,9.95
black and white framed pictures,1,83,1.2%,2.29
is beige and grey a good combo,1,83,1.2%,2.48
japanese crane wall art,1,83,1.2%,2.92
wall art for male bedroom,1,83,1.2%,6.52
artwork for bathroom,1,82,1.22%,5.23
botanical themed bedroom,1,82,1.22%,6.35
print vs poster,1,82,1.22%,7.45
old money living room decor,1,82,1.22%,8.33
small room ideas,1,82,1.22%,9.94
guest bedroom wall decor,1,82,1.22%,13.57
3 frames above bed,1,81,1.23%,1.28
corridor painting,1,80,1.25%,8.22
black and white prints,1,80,1.25%,9.06
islamic wall art store,1,80,1.25%,9.89
masculine living room decor,1,80,1.25%,10.79
art for bathroom ideas,1,79,1.27%,4.95
old money home style,1,79,1.27%,6.52
small room design for 1 person,1,79,1.27%,7.25
wall decor sets for living room,1,79,1.27%,7.78
yes please,1,79,1.27%,12.49
calligraphy wall art description,1,78,1.28%,2.27
what colours compliment grey,1,78,1.28%,3.23
does cream and light grey go together,1,78,1.28%,4.47
wall art for bathroom uk,1,78,1.28%,9.71
interior design tips for beginners,1,77,1.3%,1.17
over the fireplace art,1,77,1.3%,6.14
3 piece christian wall art,1,77,1.3%,8.17
ideas for bathroom art,1,76,1.32%,2.55
small bathroom artwork,1,76,1.32%,8.01
what colour goes with grey and beige,1,75,1.33%,1.97
does gray and cream go together,1,75,1.33%,3.49
modern french country wall art,1,75,1.33%,3.6
masculine home decor ideas,1,75,1.33%,7.08
black and white pictures,1,75,1.33%,30.65
ideas for decorating a living room,1,74,1.35%,2.46
does beige go with light grey,1,74,1.35%,2.8
masculine decor living room,1,74,1.35%,8.62
christian wall art prints,1,74,1.35%,12.95
types of wall paintings,1,73,1.37%,4.32
small studio flat design ideas,1,72,1.39%,1.65
behind toilet decor ideas,1,72,1.39%,3.78
relaxing bedroom wall art,1,72,1.39%,7.88
small studio room design ideas,1,71,1.41%,1.79
living room guest impressions,1,71,1.41%,3.52
office wall print,1,71,1.41%,5.61
write for us home decoration,1,71,1.41%,13.41
studio decorating ideas,1,70,1.43%,1.14
home decor ideas for small homes,1,70,1.43%,2.26
3 large pictures on wall,1,70,1.43%,2.33
black and white framed photos,1,70,1.43%,3.07
botanical bathroom prints,1,69,1.45%,4.51
old money home interior,1,69,1.45%,4.67
modern old money interior design,1,69,1.45%,5.52
decoration musulmane,1,69,1.45%,10.04
ideas for living room wall art,1,69,1.45%,10.83
custom family gifts,1,69,1.45%,11.23
art for a kitchen,1,68,1.47%,5.24
botanical prints for wall,1,67,1.49%,5.16
home decor wall art,1,67,1.49%,11.67
breakfast room decor,1,67,1.49%,12.18
unique wall prints,1,67,1.49%,13.24
bathroom wall art set of 2,1,66,1.52%,3.39
artwork for bathroom ideas,1,66,1.52%,4.14
bedroom wall art set of 3,1,66,1.52%,7.18
small studio apartment design,1,65,1.54%,1.48
islamic wall art set of 3,1,65,1.54%,8.32
ideas for decorating a lounge,1,64,1.56%,2.91
modern islamic wall art uk,1,64,1.56%,5.22
japanese art set,1,64,1.56%,7.11
art for wall,1,64,1.56%,7.44
kids room wall decor ideas,1,64,1.56%,10.45
black and gold wall art for bathroom,1,63,1.59%,3.43
what color wall plates with grey walls,1,63,1.59%,5.38
small bedroom wall decor,1,63,1.59%,6.81
masculine interior design ideas,1,63,1.59%,9.98
masculine interior design,1,63,1.59%,14.9
playroom art ideas,1,62,1.61%,1.71
laundry room art for walls,1,62,1.61%,2.63
small framed art for bathroom,1,62,1.61%,9.6
islamic wallart,1,62,1.61%,10.35
small studio decor ideas,1,61,1.64%,1.41
old money modern house interior,1,61,1.64%,5.43
islamic wall art for bedroom,1,61,1.64%,6.41
what wallpaper goes with grey walls,1,60,1.67%,6.45
3 set picture for wall,1,60,1.67%,6.73
dark grey and beige living room,1,60,1.67%,7.12
streamline moderne interior design,1,60,1.67%,11.05
travel wall decor,1,60,1.67%,11.8
blank gallery wall,1,60,1.67%,12.23
ideas for bedroom wall art,1,59,1.69%,3.78
workspace art,1,59,1.69%,9.12
how to decorate my home,1,58,1.72%,1.19
what colour goes with light grey walls,1,58,1.72%,4.14
peaceful bedroom art,1,58,1.72%,7.95
walnut laundry hamper,1,58,1.72%,9.59
modern pictures for living room,1,58,1.72%,9.66
wall art size calculator,1,58,1.72%,10.93
set of 3 bedroom wall art,1,57,1.75%,4.63
artwork for men's bedroom,1,57,1.75%,5.04
art frame sizes,1,57,1.75%,6.46
wall art for home,1,57,1.75%,7.23
combining grey and beige,1,57,1.75%,7.74
small bathroom wall art ideas,1,56,1.79%,4.89
what colors go with light gray walls,1,56,1.79%,5.68
french country artwork,1,56,1.79%,9.16
interior design guest post write for us,1,56,1.79%,9.66
write for us furniture,1,56,1.79%,12.59
flat wall art,1,55,1.82%,2.07
above bed picture frames,1,55,1.82%,2.18
masculine house decor,1,55,1.82%,5.73
2026 wall decor trends,1,55,1.82%,6.75
3 pictures on wall for living room,1,54,1.85%,1.06
my living room,1,54,1.85%,1.09
grey and beige colour combination,1,54,1.85%,2.31
does light gray and beige go together,1,54,1.85%,3.19
what is 3-5-7 rule,1,54,1.85%,4.93