keyword,volume,difficulty,intent
modern entryway wall art,140,20,Transactional
entryway wall art ideas,140,20,Informational
large entryway wall art,90,20,Transactional
hallway wall art ideas,90,43,Informational
above fireplace wall art,260,36,—
bathroom wall art ideas decor,3600,37,—
classy bathroom wall art,2900,34,Transactional
ideas for bathroom wall art,1900,36,—
framed bathroom wall art,1300,38,Transactional
bathroom wall art ideas,1300,40,Informational
bathroom wall art framed,880,36,—
bathroom wall art and decor,720,36,—
bathroom wall art black and white,590,36,—
vintage bathroom wall art,590,28,Transactional
luxury bathroom wall art,590,20,Transactional
decorative bathroom wall art,590,36,—
black and white bathroom wall art,480,27,Transactional
unique classy bathroom wall art,480,34,Transactional
waterproof bathroom wall art,390,26,Transactional
framed prints for bathroom wall art,390,35,Informational
bathroom wall art canvas,390,36,Transactional
bathroom wall art pink,390,36,Transactional
small bathroom wall art,320,43,Transactional
gold bathroom wall art,320,31,Transactional
pink bathroom wall art,320,29,Transactional
modern bathroom wall art,320,40,Transactional
quirky bathroom wall art,320,25,Transactional
black white bathroom wall art,260,36,—
cute bathroom wall art,260,38,Transactional
unique bathroom wall art,260,26,Transactional
abstract bathroom wall art,210,22,Transactional
men's bathroom wall art,210,27,Transactional
bathroom wall art blue,210,29,Transactional
black bathroom wall art,210,28,Transactional
coastal bathroom wall art,210,33,Informational
bathroom wall art beach,210,36,Commercial
beach bathroom wall art,170,39,Transactional
large bathroom wall art,170,35,Transactional
bathroom wall art print,170,42,Transactional
best bathroom wall art,170,54,Transactional
zen bathroom wall art,140,24,Transactional
bedroom wall art stickers,3600,37,Transactional
bedroom wall art canvas,1000,36,Transactional
canvas bedroom wall art,880,39,Transactional
men's bedroom wall art,880,36,—
ideas for bedroom wall art,880,42,Commercial
abstract bedroom wall art,880,38,Transactional
bedroom wall art men,720,22,Transactional
master bedroom wall art above bed,480,30,Transactional
bedroom wall art beach,390,36,Commercial
unique bedroom wall art,390,23,Commercial
bedroom wall art blue,390,36,Transactional
black and white bedroom wall art,390,36,Transactional
bedroom wall art stencils,390,36,—
bedroom wall art framed,390,41,Transactional
beach bedroom wall art,320,36,—
bedroom wall art frames,320,28,Transactional
bedroom wall art decor,320,25,Transactional
modern bedroom wall art,320,24,Transactional
bedroom wall art above bed,260,27,Informational
large bedroom wall art,260,26,Transactional
blue bedroom wall art,260,24,Transactional
adult bedroom wall art,260,36,Informational
calm bedroom wall art,260,36,—
couple bedroom wall art,210,31,Transactional
calming bedroom wall art,210,11,Informational
pink bedroom wall art,210,23,Informational
sensual bedroom wall art,170,27,Informational
cute bedroom wall art,170,35,—
green bedroom wall art,170,29,Informational
best bedroom wall art,170,34,Informational
minimalist bedroom wall art,170,32,Informational
bedroom wall art black,170,27,Transactional
couples bedroom wall art,170,22,Informational
romantic bedroom wall art,170,26,Informational
bedroom wall art purple,140,36,Transactional
cool bedroom wall art,140,22,Transactional
bedroom wall art sayings,140,28,Informational
bedroom wall art for couples,140,26,Informational
bedroom wall art design,110,25,Informational
purple bedroom wall art,90,28,Transactional
feng shui bedroom wall art,90,34,Informational
cozy bedroom wall art,90,26,Transactional
bedroom wall art quotes,90,27,Informational
gray bedroom wall art,90,28,Transactional
relaxing bedroom wall art,70,23,Transactional
simple bedroom wall art,70,23,Informational
dining room wall art decor,1000,36,Commercial
dining wall art ideas,880,36,Commercial
large dining room wall art,720,53,Transactional
modern dining room wall art,480,33,Transactional
framed dining room wall art,260,25,Transactional
dining room wall art canvas,210,23,Transactional
dining room wall art stickers,140,14,Transactional
kitchen dining wall art,90,36,—
kitchen and dining room wall art,70,29,Navigational
ideas kitchen wall art,3600,52,Commercial
kitchen wall art stickers,1600,19,Transactional
kitchen wall art modern,880,52,Transactional
kitchen wall art decor ideas,880,36,—
canvas kitchen wall art,720,36,—
kitchen wall art ideas,720,36,Informational
kitchen wall art painting,480,32,Informational
unique kitchen wall art,390,30,Transactional
kitchen wall art framed,390,35,Transactional
framed kitchen wall art,320,19,Transactional
kitchen wall art large,320,36,—
pottery barn kitchen wall art,320,30,Transactional
food themed kitchen wall art,260,36,—
vintage kitchen wall art,260,25,Transactional
kitchen wall art black,210,45,Transactional
fun kitchen wall art,210,55,Transactional
kitchen wall art decor,210,39,Transactional
coffee kitchen wall art,210,41,Transactional
kitchen wall art black and white,210,36,—
italian kitchen wall art,210,25,Informational
kitchen wall art print,170,35,Transactional
black kitchen wall art,170,25,Transactional
coastal kitchen wall art,170,21,Transactional
funny kitchen wall art,170,25,Informational
chef kitchen wall art,170,18,Transactional
printable kitchen wall art,170,30,Transactional
abstract kitchen wall art,140,31,Transactional
kitchen wall art fruit,140,23,Informational
kitchen wall art printable,140,28,Transactional
kitchen wall art ideas pinterest,140,36,—
cool kitchen wall art,140,40,Transactional
farmhouse kitchen wall art,140,27,Navigational
decorative kitchen wall art,140,33,Transactional
small kitchen wall art,110,25,Transactional
kitchen wall art quotes,110,30,Transactional
vertical kitchen wall art,110,36,—
kitchen wall art diy,110,30,Informational
diy kitchen wall art,90,37,Informational
fat chef kitchen wall art,90,28,Transactional
kitchen wall art sayings,90,18,Transactional
rustic kitchen wall art,90,33,Informational
kitchen wall art stickers uk,90,16,Navigational
kitchen wall art prints,90,35,Transactional
sunflower kitchen wall art,70,33,—
christian kitchen wall art,70,20,Informational
kitchen wall art decals,70,16,Transactional
Showing first 50 of 73 rows,,,
laundry room wall art ideas,90,20,Informational
living room wall art decor,14.8K,40,Transactional
big living room wall art,5400,65,Transactional
living room wall art pictures,2900,37,Transactional
modern living room wall art,2900,38,Transactional
abstract living room wall art,2400,46,Transactional
living room wall art canvas,1900,37,Transactional
living room wall art stickers,1600,26,Transactional
ideas for living room wall art,1600,36,Commercial
living room wall art ideas,1000,42,Informational
unique living room wall art,880,42,Transactional
living room wall art paint,720,36,—
living room wall art prints,720,41,Transactional
living room wall art blue,720,36,Transactional
framed living room wall art,590,49,Transactional
living room wall art painting,590,46,Transactional
blue living room wall art,590,36,—
diy living room wall art,480,56,Commercial
best living room wall art,260,59,Transactional
grey living room wall art,260,26,Transactional
gray living room wall art,210,22,Navigational
living room wall art set,210,55,Transactional
rustic living room wall art,170,24,Transactional
country living room wall art,170,36,Commercial
pinterest living room wall art,140,47,Navigational
living room wall art sets,140,21,Transactional
living room wall art quotes,110,25,Informational
living room wall art and decor,90,44,Commercial
feng shui living room wall art,70,42,Commercial
nursery wall art decor,3600,27,Transactional
nursery wall art stickers,1900,24,Transactional
nursery wall art decals,1900,36,—
nursery wall art safari,480,36,Transactional
safari nursery wall art,320,18,Transactional
vintage nursery wall art,260,23,Transactional
nursery wall art ideas,260,20,Informational
nursery wall art stencils,210,36,—
winnie the pooh nursery wall art,210,16,Informational
framed nursery wall art,210,16,Transactional
teddy bear nursery wall art,170,25,Transactional
butterfly nursery wall art,170,23,Transactional
christian nursery wall art,140,22,Commercial
dinosaur nursery wall art,140,27,Transactional
nursery wall art trees,110,35,—
nursery wall art name,110,27,Informational
nursery wall art elephant,110,29,Transactional
nursery wall art stickers uk,90,17,Navigational
nursery wall art tree,90,33,Transactional
nursery wall art bunny,90,36,—
nursery wall art giraffe,90,25,Transactional
nursery wall art canvas,90,36,—
hobby lobby nursery wall art,90,29,Transactional
bear nursery wall art,70,28,Commercial
abc nursery wall art,70,36,—
ocean nursery wall art,70,13,Commercial
gender neutral nursery wall art,70,23,Informational
boho nursery wall art,70,23,Transactional
elephant nursery wall art,70,30,Transactional
nursery wall art clouds,70,28,Transactional
nursery wall art sports,70,36,—
work office wall art,4400,27,Commercial
office wall art stickers,1000,36,—
motivational office wall art,1000,36,Transactional
office wall art motivational,880,35,Informational
professional office wall art,480,28,Commercial
contemporary office wall art,390,38,Transactional
office wall art for men,320,15,Transactional
large office wall art,320,31,Transactional
modern office wall art,260,25,Transactional
office wall art ideas,210,30,Informational
best office wall art,210,28,Transactional
therapy office wall art,210,27,Transactional
unique office wall art,210,22,Commercial
cool office wall art,170,36,—
jamie lee curtis office wall art,170,29,Transactional
doctors office wall art,140,20,Transactional
funny office wall art,140,27,Informational
office wall art quotes,140,36,Transactional
dental office wall art,140,22,Commercial
the office wall art,140,24,Transactional
framed office wall art,140,36,Transactional
canvas office wall art,110,23,Transactional
doctor office wall art,110,23,Transactional
medical office wall art,110,22,Commercial
doctor's office wall art,110,36,—
abstract office wall art,90,27,Transactional
corporate office wall art,90,20,Navigational
office wall art decoration,90,36,—
inspiring office wall art,90,48,Transactional
office wall art canvas,90,24,Transactional
office wall art decor,70,30,Navigational
printable office wall art,70,24,Transactional
free printable office wall art,70,29,Transactional
inspirational office wall art,70,36,Informational
executive office wall art,70,15,Navigational
cheap office wall art,70,48,Transactional
abstract art wall art,12.1K,45,—
abstract wall art paintings,9900,47,Transactional
bathroom wall art,9900,34,Transactional
bedroom wall art,9900,28,Transactional
christian art prints,720,15,Informational
christian wall art,6600,31,Informational
christian wall decor,1600,33,Commercial
decorative wall art for living room,18.1K,41,Transactional
eclectic art prints,170,20,Transactional
wall decor wall,60.5K,62,Transactional
wall decor panel,27.1K,52,—
custom canvas art prints,27.1K,69,Transactional
wall decor bathroom,22.2K,50,Transactional
personalized canvas art prints,22.2K,34,—
ideas for wall decor,18.1K,41,Commercial
wall decor for bathroom,18.1K,59,Commercial
wall decor in living room,18.1K,55,Transactional
wall decor mirror,18.1K,49,Transactional
lounge room wall decor,18.1K,33,—
art and wall decor,14.8K,40,Transactional
mirror and wall decor,14.8K,36,Transactional
art & wall decor,14.8K,40,Commercial
wall decor for bathrooms,14.8K,40,Commercial
living area wall decor,14.8K,40,Transactional
bathroom art wall decor,14.8K,37,Transactional
decorative wall decor ideas,14.8K,40,—
wall stickers for wall decor,12.1K,33,Transactional
sconces candle wall decor,12.1K,28,Transactional
kitchen wall decor,12.1K,36,Transactional
ideas on wall decor,12.1K,41,Informational
living room wall decor idea,12.1K,39,—
nails art pictures,12.1K,45,—
wall decor in living room ideas,9900,49,—
framed prints wall decor,9900,64,Transactional
wall decor for dining,9900,40,Commercial
wall decor in bedroom,9900,38,—
wall art abstract wall art,12.1K,53,Transactional
eclectic wall art,720,27,Commercial
abstract wall art on canvas,2400,36,—
living room abstract wall art,2400,36,Transactional
modern abstract wall art,2400,39,Transactional
big abstract wall art,2400,54,Transactional
abstract wall art canvas,1900,36,—
abstract wall art for living room,1900,43,Transactional
abstract art prints on canvas,1600,41,Transactional
modern abstract wall decor,1300,44,Transactional
black and white abstract wall art,1000,39,Transactional
blue abstract wall art,880,22,Transactional
abstract wall art bedroom,880,36,—
minimalist abstract wall art,720,38,Informational
abstract wall art paint,720,48,Transactional
large abstract wall art for living room,720,44,Transactional
abstract wall art black,590,17,Transactional
neutral abstract wall art,590,24,Transactional
abstract wall art painting,480,36,Transactional
abstract wall art colorful,480,34,Transactional
colorful abstract wall art,390,40,Transactional
green abstract wall art,390,25,Transactional
abstract wall art framed,390,41,Transactional
abstract wall art geometric,390,40,Transactional
oversized abstract wall art,390,49,Transactional
floral abstract wall art,320,32,Transactional
large abstract wall art canvas,320,36,—
extra large abstract wall art,320,49,Transactional
abstract wall art with frame,320,38,Transactional
abstract wall art 3 piece,320,36,—
brown abstract wall art,320,20,Transactional
landscape abstract wall art,320,36,Transactional
white abstract wall art,320,22,Transactional
pink abstract wall art,260,20,Transactional
minimal abstract wall art,260,30,—
abstract wall art stickers,260,36,—
textured abstract wall art,260,32,Transactional
abstract wall art diy,260,36,Transactional
large canvas abstract wall art,260,36,—
3 piece abstract wall art,260,17,Transactional
gold abstract wall art,260,18,Transactional
framed abstract wall art,260,38,Transactional
abstract wall art for bathroom,210,22,Transactional
modern abstract art prints,210,47,Transactional
black and white abstract art prints,210,24,Transactional
bohemian wall art decor,590,36,—
blue and white chinoiserie wall art,70,21,Transactional
chinoiserie wall art framed,70,19,Transactional
eclectic wall decor,320,30,Commercial
unique coastal wall art,1000,26,Commercial
coastal wall art large,720,37,Informational
unique coastal wall decor,590,25,Commercial
coastal wall art canvas,480,24,—
coastal wall art framed,480,15,Transactional
canvas coastal wall art,390,17,Transactional
contemporary coastal wall art,390,36,—
modern coastal wall decor,390,19,Commercial
extra large coastal wall art,320,34,Commercial
modern coastal wall art,320,13,Commercial
abstract coastal wall art,260,15,Transactional
coastal wall art set of 2,210,24,Transactional
coastal wall decor ideas,210,13,Informational
coastal wall decor for bathroom,210,30,Transactional
large coastal wall decor,170,31,Commercial
vintage coastal wall art,170,12,Transactional
coastal wall art for living room,140,24,Commercial
vertical coastal wall art,140,26,Transactional
large horizontal coastal wall art,140,22,Commercial
coastal wall art and decor,140,36,—
neutral coastal wall art,140,21,Transactional
large outdoor coastal wall decor,140,23,Commercial
outdoor coastal wall decor,140,23,Commercial
large coastal wall art for living room,110,20,Commercial
beach coastal wall art,110,34,Transactional
oversized coastal wall art,110,31,Commercial
california coastal wall art,110,36,—
blue coastal wall art,90,18,Transactional
coastal wall art for bedroom,90,19,Informational
3 piece coastal wall art,90,24,Transactional
coastal wall art set of 3,90,23,Transactional
outdoor coastal wall art,90,22,Commercial
black and white coastal wall art,90,20,Transactional
coastal wall art for dining room,70,21,Transactional
horizontal coastal wall art,70,21,Commercial
coastal wall decor bedroom,70,22,Informational
hobby lobby coastal wall art,70,20,Commercial
coastal wall art set,70,33,Transactional
coastal wall art decor,70,23,Commercial
large vertical coastal wall art,70,21,Commercial
wayfair coastal wall art,70,23,Navigational
textured coastal wall art,70,28,Transactional
coffee wall art decor,480,25,Transactional
coffee wall art for kitchen,170,26,Informational
vintage coffee wall art,170,28,Transactional
coffee wall art canvas,90,27,Transactional
coffee wall decor kitchen,90,30,Informational
cup of coffee wall art,70,36,—
kitchen coffee wall decor,70,33,Transactional
coffee wall decor ideas,70,31,Informational
contemporary wall art for living room,2900,35,Commercial
abstract contemporary wall art,2400,44,Transactional
modern contemporary wall decor,1600,41,Transactional
contemporary wall art large,1300,36,—
large contemporary wall art,1000,43,Transactional
contemporary wall decor ideas,880,38,Transactional
contemporary wall art for kitchen,880,39,Transactional
contemporary wall art canvas,720,36,—
contemporary art prints on canvas,590,58,Transactional
contemporary wall art black and white,480,36,—
contemporary wall decor for dining room,480,36,—
framed contemporary wall art,390,60,Transactional
contemporary wall art framed,320,58,Transactional
colorful contemporary wall art,260,36,—
contemporary wall art sculpture,210,36,—
outdoor contemporary wall art,170,28,Transactional
rustic contemporary wall art,170,20,Commercial
modern and contemporary wall art,170,36,—
white contemporary wall art,140,19,Transactional
contemporary wall art mirror,140,36,—
modern contemporary wall art,110,51,Transactional
contemporary wall art blue,110,21,Transactional
framed contemporary art prints,110,38,Transactional
extra large contemporary wall art,90,61,Transactional
oversized contemporary wall art,90,56,Transactional
large contemporary art prints,70,36,—
large contemporary wall art canvas,70,49,Transactional
unique contemporary wall art,70,42,Transactional
vintage eclectic wall art,90,,Transactional
frame wall art,9900,65,Transactional
framed printed wall art,9900,62,Transactional
farmhouse wall art decor,5400,37,—
modern farmhouse wall decor,1000,34,Navigational
rustic farmhouse wall decor,880,27,Navigational
farmhouse wall decor kitchen,720,28,Navigational
modern farmhouse wall art,590,18,Commercial
bathroom farmhouse wall decor,590,28,Navigational
farmhouse wall decor for kitchen,590,35,Navigational
farmhouse wall decor bathroom,480,28,Navigational
living room farmhouse wall decor,480,36,—
farmhouse wall decor dining room,480,26,Navigational
farmhouse wall decor for living room,390,30,Commercial
farmhouse wall art for living room,320,24,Informational
farmhouse wall decor ideas,320,34,Informational
large farmhouse wall decor,320,28,Commercial
modern farmhouse wall decor ideas,260,39,Informational
farmhouse wall decor living room,260,30,Navigational
vintage farmhouse wall decor,210,27,Commercial
farmhouse wall decor hobby lobby,210,22,Navigational
belle maison ornate gate farmhouse wall decor,210,28,Navigational
rustic farmhouse wall art,210,26,Navigational
modern farmhouse wall art for living room,210,30,Commercial
extra large farmhouse wall decor,170,20,Commercial
vintage farmhouse wall art,170,19,Commercial
living room farmhouse wall decor ideas,140,34,Informational
large farmhouse wall art,110,27,Commercial
farmhouse wall decor behind couch,90,30,Commercial
modern farmhouse wall art ideas,90,35,Informational
country farmhouse wall decor,90,32,Commercial
large farmhouse wall decor for living room,90,27,Commercial
boho farmhouse wall decor,70,32,Navigational
coastal farmhouse wall art,70,28,Commercial
framed farmhouse wall art,70,24,Transactional
modern farmhouse wall decor living room,70,28,Commercial
farmhouse wall decor ideas living room,70,29,Informational
coastal farmhouse wall decor,70,27,Commercial
islamic wall art calligraphy,1300,36,—
islamic wall art decor,880,36,—
islamic wall art store,590,42,Navigational
modern islamic wall decor,390,35,—
islamic wall art with frame,320,28,Transactional
islamic wall art framed,260,21,Transactional
modern islamic wall art,260,26,Transactional
large islamic wall art,110,21,Transactional
islamic wall art for living room,110,16,Informational
islamic wall art coupon,90,15,Transactional
islamic wall art large,90,22,Informational
mirror islamic wall art,70,25,Informational
islamic wall art canvas,70,18,Transactional
islamic wall art sticker,70,28,Transactional
japandi art prints,90,25,Commercial
marble wall art,170,15,Transactional
marble wall decor,170,24,Transactional
minimalism wall art,2400,44,—
minimalism wall decor,590,44,—
scandinavian wall art,590,24,Commercial
scandinavian wall decor,140,21,Commercial
scandinavian art prints,480,27,Commercial
shabby chic wall art,210,25,Navigational
shabby chic wall decor,320,30,Transactional
french shabby chic wall art,70,35,Transactional
shabby chic wall decor living room,70,24,Transactional
vintage shabby chic wall art,70,26,Transactional
outdoor sun and moon wall art,140,28,Transactional
mexican sun and moon wall decor,90,27,Commercial
sun and moon wall art,260,29,Informational
sun and moon wall decor,390,23,Transactional
sun and moon art prints,40,26,Transactional
travel wall art,260,22,Commercial
travel wall decor,170,27,Transactional
travel art prints,50,17,Transactional
travel wall art decor,260,36,—
travel wall decor ideas,70,31,Informational
vintage travel art prints,70,36,—
tropical wall art,720,28,Commercial
tropical wall decor,210,26,Commercial
tropical art prints,110,36,Transactional
tropical wall art canvas,170,36,—
vintage tropical wall art,140,29,Transactional
modern tropical wall art,110,27,Commercial
large tropical wall art,90,38,Transactional
framed tropical wall art,90,39,Transactional
outdoor tropical wall decor,70,28,Commercial
vintage wall art,4400,23,Transactional
vintage wall decor,2400,44,Transactional
vintage art prints,2400,33,Transactional
vintage wall art decor,5400,37,—
vintage wall art and decor,2400,32,Transactional
framed vintage wall art,880,24,Transactional
vintage wall art bathroom,590,32,Transactional
vintage wall art large,590,18,Transactional
vintage wall art for living room,390,30,Transactional
vintage wall decor ideas,390,45,Informational
kitchen vintage wall decor,390,36,—
vintage wall art stickers,320,36,—
vintage wall art prints,320,53,Transactional
vintage wall art print,260,30,Transactional
vintage art prints free,260,25,Transactional
christmas vintage wall decor,260,25,—
rustic vintage wall decor,260,32,Commercial
vintage wall art for bedroom,170,17,Transactional
black and white vintage wall art,170,21,Transactional
canvas vintage wall art,170,38,Transactional
vintage wall decor for living room,170,22,Informational
vintage wall decor bedroom,140,28,Transactional
disney vintage wall art,140,35,Transactional
rustic vintage wall art,140,36,—
retro vintage wall art,140,38,Transactional
moody vintage wall art,90,21,Transactional
shabby chic vintage wall art,70,30,Informational
beige flower vintage wall decor,70,28,Informational
vintage wall art for kitchen,70,28,Transactional
vintage wall art set,70,23,Transactional
vintage wall art kitchen,70,25,Transactional
hobby lobby vintage wall art,70,26,Transactional
french vintage art prints,70,31,Transactional
small vintage wall art,70,35,Transactional
wildlife wall art,170,15,Commercial
wildlife wall decor,90,16,Commercial
wildlife art prints,260,14,Transactional
canvas wildlife wall art,70,13,Transactional
zen wall art,480,21,Transactional
zen wall decor,140,22,Transactional
zen wall art for bathroom,110,24,Transactional
canvas zen wall art,90,22,Transactional
zen wall art for bedroom,70,25,Informational
zen wall art for living room,70,22,Informational
black and white wall art,4400,28,Transactional
black and white wall decor,1300,33,Transactional
black and white art prints,1300,24,Transactional
black and white wall art decor,1300,28,Transactional
abstract black and white wall art,1000,24,Transactional
big black and white wall art,880,39,Transactional
black and white wall art photography,880,38,Transactional
black and white wall art abstract,880,36,—
large black and white wall art,720,20,Transactional
black and white wall art print,720,36,—
black and white wall art bathroom,590,39,Transactional
black and white wall art prints,590,23,Transactional
modern black and white wall art,480,41,Transactional
black and white wall art for bathroom,480,27,Transactional
black and white wall art canvas,480,36,Transactional
black and white wall art framed,390,28,Transactional
bedroom black and white wall art,390,46,Transactional
black and white wall art bedroom,320,24,Transactional
living room black and white wall decor,320,36,—
black and white wall decor for living room,260,25,Transactional
black and white wall decor for bathroom,260,29,Transactional
black and white wall art living room,260,29,Transactional
bathroom black and white wall art,260,36,—
black and white wall art for kitchen,210,24,Transactional
vintage black and white wall art,170,41,Transactional
black and white wall art 3 piece,170,36,—
grey black and white wall art,140,21,Transactional
large black and white wall art for living room,110,31,Commercial
framed black and white wall art,110,21,Transactional
minimalist black and white wall art,110,20,Transactional
red black and white wall art,110,27,Transactional
black and white wall decor for bedroom,90,26,Informational
free printable black and white wall art,70,27,Transactional
printable black and white wall art,70,18,Transactional
black and white wall art printables,70,26,Transactional
oversized black and white wall art,70,19,Transactional
marilyn monroe black and white wall art,70,22,Transactional
boho wall art,2900,22,Transactional
boho wall decor,4400,21,Transactional
boho art prints,260,22,Transactional
boho wall art decor,5400,30,Transactional
boho wall decor bedroom,320,36,—
boho wall art for living room,260,22,Transactional
boho wall decor ideas,260,30,Informational
modern boho wall art,260,33,Transactional
boho wall decor living room,210,23,Navigational
large boho wall art,170,23,Transactional
boho wall art canvas,170,21,Transactional
modern boho wall decor,140,21,Transactional
diy boho wall decor,140,23,Informational
boho wall decor diy,110,40,Informational
printable boho wall art,110,24,Transactional
boho wall art for bedroom,110,19,Transactional
large boho wall decor,90,22,Transactional
abstract boho wall art,90,25,Transactional
vintage boho wall decor,90,27,Transactional
boho wall art print,90,22,Transactional
hobby lobby boho wall decor,70,23,Navigational
boho wall decor nursery,70,28,Transactional
boho wall art prints,70,23,Transactional
coastal decor wall art,110,26,Transactional
moroccan wall art,390,22,Informational
moroccan wall decor,210,22,Commercial
old money wall art,90,26,Transactional
preppy wall art,260,27,Transactional
preppy wall decor,140,28,Transactional
mid century wall art,1300,40,Transactional
mid century wall decor,480,27,Commercial
mid century art prints,390,36,Commercial
modern mid century wall art,2400,38,Transactional
vintage mid century wall art,480,27,Transactional
large mid century wall art,110,36,Transactional
mid century wall decor ideas,50,43,Informational
mid century wall art ideas,50,30,Informational
diy mid century wall art,50,30,Informational
mid century wall art prints,30,25,Transactional
abstract mid century wall art,30,38,Transactional
mid century wall art vintage,30,33,Transactional
mid century wall art sculpture,20,36,—
vintage mid century wall decor,20,36,—
mid century wall art set,10,36,—
target mid century wall decor,10,36,—
mid century wall art australia,10,5,—
mid century wall art uk,10,5,—
mid century wall art orange,0,4,—
what is mid century wall art,0,4,—
mid century art prints for living room,0,4,—
mid century wall art for dining room,0,4,—
mid century wall art living room,0,4,—
mid century wall art landscape,0,4,—
west elm mid century wall art,0,4,—
mid century wall art target,0,4,—
scandinavian mid century wall art,0,4,—
pink mid century wall art,0,4,—
mid century art prints nz,0,4,—
navy blue and gold mid century wall art,0,4,—
mid century wall art blue,0,4,—
mid century wall art for living room,0,4,—
wayfair mid century wall art,0,4,—
large horizontal mid century wall art,0,4,—
mid century wall art horizontal,0,4,—
afro boho and mid century wall art,0,4,—
croblissful 2 pcs mid century wall art,0,4,—
mid century wall art for sale,0,4,—
mid century wall art near me,0,4,—
mid century wall art birds,0,4,—
famous mid century art prints,0,4,—
mid century wall art nz,0,4,—
mid century wall art reddit,0,4,—
large mid century wall decor,0,4,—
mid century wall art bedroom,0,4,—
set of 3 mid century wall art,0,4,—
mediterranean wall art,320,19,Informational
mediterranean wall decor,140,24,Commercial
mediterranean art prints,50,22,Informational
industrial wall art,390,36,Commercial
industrial wall decor,170,28,Navigational
industrial art prints,30,28,Commercial
masculine wall art,2900,23,Transactional
masculine wall decor,260,23,Transactional
masculine art prints,70,17,Transactional
masculine wall art for living room,210,23,Commercial
masculine wall art for office,70,17,Navigational
masculine wall art ideas,70,18,Informational
transitional wall art,170,19,Transactional
transitional wall decor,70,21,Transactional
wall art for hallway,590,41,Transactional
hallway wall art,480,20,Transactional
entryway wall art,590,20,Commercial
wall art above fireplace,260,28,Transactional
fireplace wall art,260,35,Transactional
japandi wall art,720,14,Transactional
toilet wall art,90,33,Transactional
restroom wall art,70,42,—
master bedroom wall art,390,28,Transactional
guest bedroom wall art,110,22,Commercial
dining room wall art,4400,25,Transactional
dining wall art,90,32,Informational
dining area wall art,4400,38,Transactional
game room wall art,480,15,Transactional
games room wall art,720,36,—
gaming room wall art,480,22,Informational
kitchen wall art,6600,34,Informational
man cave wall art,390,16,Transactional
laundry room wall art,720,21,Informational
laundry wall art,210,24,Informational
living room wall art,3600,38,Transactional
sitting room wall art,1600,36,—
lounge room wall art,1600,47,Transactional
nursery wall art,2400,30,Transactional
office wall art,4400,24,Commercial
home office wall art,480,32,Navigational
wall art,90.5K,69,Transactional
home decor wall art,5400,50,Commercial
decor wall art,12.1K,47,—
abstract wall art,9900,33,Transactional
abstract wall decor,1600,44,Transactional
abstract art prints,2900,33,Transactional
bohemian wall art,480,24,Transactional
bohemian wall decor,590,22,Transactional
bohemian art prints,40,20,Transactional
chinoiserie wall art,720,20,Transactional
chinoiserie wall decor,110,17,Transactional
chinoiserie art prints,170,20,Transactional
japandi wall decor,210,19,Commercial
wall art and decorations,12.1K,57,Informational
coastal wall art,3600,21,Commercial
coastal wall decor,2400,21,Commercial
coastal art prints,590,20,Commercial
coffee wall art,880,23,Transactional
coffee wall decor,390,29,Transactional
coffee art prints,210,20,Informational
contemporary wall art,1300,37,Transactional
contemporary wall decor,2900,33,Transactional
contemporary art prints,720,39,Transactional
wall art big,18.1K,61,Transactional
farmhouse wall art,1300,23,Commercial
farmhouse wall decor,5400,45,—
islamic wall art,3600,22,Informational
islamic wall decor,720,22,Commercial
islamic art prints,70,23,Informational
wall art decor kitchen,12.1K,31,Transactional
home decor idea,301K,73,Commercial
current home decor trends,301K,64,Informational
wall art decoration,14.8K,48,—
store for home decor,90.5K,62,—
store of home decor,74K,58,Transactional
home decor store near me,60.5K,54,—
shop for home decor,60.5K,52,—
store home decor,49.5K,63,Navigational
plant for home decor,49.5K,53,Transactional
home decor affordable,40.5K,42,Transactional
bathroom home decor ideas,40.5K,59,Commercial
Home Decor Store,40.5K,64,—
home decor bathroom ideas,33.1K,73,Transactional
luxury home decor brands,33.1K,34,Commercial
home decor luxury,33.1K,55,Transactional
painting for home decor,33.1K,69,Informational
near me home decor,33.1K,70,Commercial
store with home decor near me,27.1K,44,—
idea home decor,22.2K,50,—
wall art for bedroom,12.1K,26,Transactional
home decor luxury brands,22.2K,40,Commercial
home decor vase,18.1K,49,—
wall art for decor,14.8K,40,—
wall art for kitchen decor,18.1K,41,—
kitchen decor home decor,14.8K,40,—
art decor wall art,14.8K,40,—
wall art for kitchen decoration,14.8K,51,Transactional
wall art for living room,14.8K,38,Transactional
wall art gallery ideas,9900,46,Commercial
wall art in bathroom,14.8K,40,—
wall art in canvas,14.8K,40,—
wall art in living room,22.2K,56,Transactional
wall art on canvas,18.1K,62,Transactional
blue wall art abstract,1000,49,Transactional
abstract blue wall art,880,45,Transactional
dark blue wall art,880,57,Transactional
navy blue wall art,720,21,Transactional
sage green wall art,720,27,Transactional
blue green wall art,720,36,—
green blue wall art,590,22,Informational
white and blue wall art,590,36,—
blue wall art metal,480,36,—
pink green wall art,480,24,Transactional
gold and blue wall art,480,36,—
grey and blue wall art,480,36,—
white blue wall art,390,23,Transactional
blue wall art for living room,390,22,Informational
olive green wall art,320,26,Transactional
light blue wall art,320,24,Transactional
metal blue wall art,320,24,Transactional
blue wall art for bathroom,260,36,—
turquoise blue wall art,260,36,—
blue wall art framed,260,36,—
orange and blue wall art,260,40,Transactional
green wall art for living room,260,27,Informational
blue wall art large,260,36,—
blue wall art bedroom,260,21,Informational
gold and green wall art,210,26,Transactional
framed green wall art,210,33,Transactional
large green wall art,210,33,Transactional
dark green wall art,210,26,Transactional
yellow and blue wall art,210,36,—
black green wall art,170,45,Transactional
green wall art for bedroom,170,29,Informational
yellow blue wall art,170,30,Informational
large blue wall art,170,21,Transactional
emerald green wall art,170,27,Transactional
canvas green wall art,170,30,Transactional
brown and green wall art,140,27,Transactional
green wall art metal,140,41,Transactional
navy blue wall art for living room,140,25,Informational
beige and blue wall art,140,42,Informational
silver and blue wall art,140,36,—
gray and teal wall art,140,42,Transactional
teal wall art metal,140,36,—
blue wall art set of 2,140,24,Transactional
sage green wall art for bedroom,140,29,Informational
black and green wall art,140,23,Transactional
orange and green wall art,110,29,Transactional
z gallerie blue wall art,110,21,Transactional
modern green wall art,110,18,Commercial
large blue wall art for living room,110,18,Commercial
silver blue wall art,110,25,Transactional
blue wall art,2400,21,Transactional
green wall art,2400,26,Transactional
teal wall art,480,22,Transactional
framed gold wall art,1600,25,Transactional
metal gold wall art,1000,41,Transactional
black gold wall art,720,35,Transactional
large neutral wall art,480,25,Transactional
black and white and gold wall art,390,42,Transactional
white and gold wall art,390,19,Transactional
neutral wall art for living room,390,20,Informational
blue gold wall art,390,42,Transactional
gold wall art stickers,390,27,Transactional
abstract gold wall art,320,34,Transactional
blue and gold wall art,320,27,Transactional
black white gold wall art,320,22,Transactional
white gold wall art,320,19,Transactional
pink and gold wall art,210,29,Transactional
abstract neutral wall art,210,21,Transactional
green and gold wall art,210,26,Transactional
neutral wall art canvas,210,20,Transactional
grey gold wall art,210,23,Transactional
silver gold wall art,210,42,Transactional
green gold wall art,170,26,Transactional
grey and gold wall art,170,27,Transactional
large gold wall art,170,20,Transactional
modern black and gold wall art,170,19,Transactional
brown gold wall art,140,23,Transactional
gold wall art decor,140,20,Transactional
cream and gold wall art,140,27,Transactional
neutral wall art for bedroom,110,22,Informational
canvas gold wall art,110,36,—
gold wall art for living room,110,20,Transactional
black and gold wall art for living room,110,24,Commercial
neutral wall art set of 2,110,16,Transactional
textured neutral wall art,110,24,Transactional
teal gold wall art,90,36,—
neutral wall art set,90,23,Transactional
blue and gold wall art for living room,90,27,Commercial
tassel and gold wall art,90,24,Informational
framed neutral wall art,90,23,Transactional
purple and gold wall art,90,25,Transactional
dark blue and gold wall art,90,36,—
navy and gold wall art,90,25,Transactional
gold wall art canvas,90,21,Transactional
oversized neutral wall art,70,26,Transactional
burgundy gold wall art,70,36,—
rose gold wall art,70,29,Transactional
modern neutral wall art,70,23,Transactional
navy blue and gold wall art,70,23,Transactional
emerald green and gold wall art,70,29,Transactional
gold wall art metal,70,26,Transactional
neutral wall art,1900,20,Transactional
gold wall art,1600,20,Transactional
framed new york wall art,170,22,Transactional
new york wall art canvas,170,29,Transactional
paris wall art decor,170,35,—
paris wall art canvas,110,24,Transactional
plaster of paris wall art,90,27,Transactional
canvas paris wall art,90,29,Transactional
new york wall art black and white,70,36,—
black and white paris wall art,70,24,Transactional
framed paris wall art,70,19,Transactional
paris wall art for bedroom,70,24,Transactional
large new york wall art,70,26,Commercial
paris wall art for living room,70,26,Transactional
paris wall art,390,30,Transactional
london wall art,170,25,Commercial
new york wall art,720,23,Commercial
vintage japanese wall art,210,14,Transactional
traditional japanese wall art,170,17,Informational
modern japanese wall art,140,12,Transactional
japanese wall art lego,110,30,Informational
large japanese wall art,70,12,Transactional
japanese wall art decor,70,21,Commercial
japanese wall art canvas,70,17,Transactional
japan wall art,110,10,Informational
japanese wall art,1900,15,Transactional
vintage asian wall art,590,26,Transactional
vintage chinese wall art,320,26,Transactional
asian wall art panels,260,32,Transactional
oriental wall art panels,210,29,Commercial
asian wall art for living room,110,44,Informational
framed asian wall art,110,26,Transactional
chinese wall art mother of pearl,90,28,Informational
chinese wall art panels,70,27,Transactional
modern asian wall art,70,32,Transactional
asian wall art,480,27,Commercial
oriental wall art,170,22,Commercial
chinese wall art,480,22,Transactional
